KEY,FREQ,ADJUSTMENT,REF_AREA,COUNTERPART_AREA,REF_SECTOR,COUNTERPART_SECTOR,ACCOUNTING_ENTRY,STO,INSTR_ASSET,ACTIVITY,EXPENDITURE,UNIT_MEASURE,PRICES,TRANSFORMATION,TIME_PERIOD,OBS_VALUE,OBS_STATUS,CONF_STATUS,PRE_BREAK_VALUE,COMMENT_OBS,EMBARGO_DATE,TIME_FORMAT,COMMENT_TS,COMPILING_ORG,CURRENCY,DATA_COMP,DECIMALS,DISS_ORG,LAST_UPDATE,REF_PERIOD_DETAIL,REF_YEAR_PRICE,REPYEAREND,REPYEARSTART,TABLE_IDENTIFIER,TIME_PER_COLLECT,TITLE,TITLE_COMPL,UNIT_MULT,COMMENT_DSET
MNA.Q.Y.I9.W2.S1.S1.B.B1GQ._Z._Z._Z.EUR.LR.N,Q,Y,I9,W2,S1,S1,B,B1GQ,_Z,_Z,_Z,EUR,LR,N,1995-Q1,2104577.53333496,E,F,,,,P3M,"Gross domestic product at market prices - Euro area 20 (fixed composition) as of 1 January 2023 - Domestic (home or reference area), Total economy, Euro, Chain linked volume (rebased), , Calendar and seasonally adjusted data",4D0,,,2,,,C,2015,,,,S,"Gross domestic product at market prices, volume",,6,
MNA.Q.Y.I9.W2.S1.S1.B.B1GQ._Z._Z._Z.EUR.LR.N,Q,Y,I9,W2,S1,S1,B,B1GQ,_Z,_Z,_Z,EUR,LR,N,1995-Q2,2121392.62671188,E,F,,,,P3M,"Gross domestic product at market prices - Euro area 20 (fixed composition) as of 1 January 2023 - Domestic (home or reference area), Total economy, Euro, Chain linked volume (rebased), , Calendar and seasonally adjusted data",4D0,,,2,,,C,2015,,,,S,"Gross domestic product at market prices, volume",,6,
MNA.Q.Y.I9.W2.S1.S1.B.B1GQ._Z._Z._Z.EUR.LR.N,Q,Y,I9,W2,S1,S1,B,B1GQ,_Z,_Z,_Z,EUR,LR,N,1995-Q3,2126568.71873628,E,F,,,,P3M,"Gross domestic product at market prices - Euro area 20 (fixed composition) as of 1 January 2023 - Domestic (home or reference area), Total economy, Euro, Chain linked volume (rebased), , Calendar and seasonally adjusted data",4D0,,,2,,,C,2015,,,,S,"Gross domestic product at market prices, volume",,6,
MNA.Q.Y.I9.W2.S1.S1.B.B1GQ._Z._Z._Z.EUR.LR.N,Q,Y,I9,W2,S1,S1,B,B1GQ,_Z,_Z,_Z,EUR,LR,N,1995-Q4,2131634.97967817,E,F,,,,P3M,"Gross domestic product at market prices - Euro area 20 (fixed composition) as of 1 January 2023 - Domestic (home or reference area), Total economy, Euro, Chain linked volume (rebased), , Calendar and seasonally adjusted data",4D0,,,2,,,C,2015,,,,S,"Gross domestic product at market prices, volume",,6,
MNA.Q.Y.I9.W2.S1.S1.B.B1GQ._Z._Z._Z.EUR.LR.N,Q,Y,I9,W2,S1,S1,B,B1GQ,_Z,_Z,_Z,EUR,LR,N,1996-Q1,2135042.00588281,A,F,,,,P3M,"Gross domestic product at market prices - Euro area 20 (fixed composition) as of 1 January 2023 - Domestic (home or reference area), Total economy, Euro, Chain linked volume (rebased), , Calendar and seasonally adjusted data",4D0,,,2,,,C,2015,,,,S,"Gross domestic product at market prices, volume",,6,
MNA.Q.Y.I9.W2.S1.S1.B.B1GQ._Z._Z._Z.EUR.LR.N,Q,Y,I9,W2,S1,S1,B,B1GQ,_Z,_Z,_Z,EUR,LR,N,1996-Q2,2151818.87039854,A,F,,,,P3M,"Gross domestic product at market prices - Euro area 20 (fixed composition) as of 1 January 2023 - Domestic (home or reference area), Total economy, Euro, Chain linked volume (rebased), , Calendar and seasonally adjusted data",4D0,,,2,,,C,2015,,,,S,"Gross domestic product at market prices, volume",,6,
MNA.Q.Y.I9.W2.S1.S1.B.B1GQ._Z._Z._Z.EUR.LR.N,Q,Y,I9,W2,S1,S1,B,B1GQ,_Z,_Z,_Z,EUR,LR,N,1996-Q3,2161717.52466105,A,F,,,,P3M,"Gross domestic product at market prices - Euro area 20 (fixed composition) as of 1 January 2023 - Domestic (home or reference area), Total economy, Euro, Chain linked volume (rebased), , Calendar and seasonally adjusted data",4D0,,,2,,,C,2015,,,,S,"Gross domestic product at market prices, volume",,6,
MNA.Q.Y.I9.W2.S1.S1.B.B1GQ._Z._Z._Z.EUR.LR.N,Q,Y,I9,W2,S1,S1,B,B1GQ,_Z,_Z,_Z,EUR,LR,N,1996-Q4,2174018.25792588,A,F,,,,P3M,"Gross domestic product at market prices - Euro area 20 (fixed composition) as of 1 January 2023 - Domestic (home or reference area), Total economy, Euro, Chain linked volume (rebased), , Calendar and seasonally adjusted data",4D0,,,2,,,C,2015,,,,S,"Gross domestic product at market prices, volume",,6,
MNA.Q.Y.I9.W2.S1.S1.B.B1GQ._Z._Z._Z.EUR.LR.N,Q,Y,I9,W2,S1,S1,B,B1GQ,_Z,_Z,_Z,EUR,LR,N,1997-Q1,2180525.41965278,A,F,,,,P3M,"Gross domestic product at market prices - Euro area 20 (fixed composition) as of 1 January 2023 - Domestic (home or reference area), Total economy, Euro, Chain linked volume (rebased), , Calendar and seasonally adjusted data",4D0,,,2,,,C,2015,,,,S,"Gross domestic product at market prices, volume",,6,
MNA.Q.Y.I9.W2.S1.S1.B.B1GQ._Z._Z._Z.EUR.LR.N,Q,Y,I9,W2,S1,S1,B,B1GQ,_Z,_Z,_Z,EUR,LR,N,1997-Q2,2206738.75619346,A,F,,,,P3M,"Gross domestic product at market prices - Euro area 20 (fixed composition) as of 1 January 2023 - Domestic (home or reference area), Total economy, Euro, Chain linked volume (rebased), , Calendar and seasonally adjusted data",4D0,,,2,,,C,2015,,,,S,"Gross domestic product at market prices, volume",,6,
MNA.Q.Y.I9.W2.S1.S1.B.B1GQ._Z._Z._Z.EUR.LR.N,Q,Y,I9,W2,S1,S1,B,B1GQ,_Z,_Z,_Z,EUR,LR,N,1997-Q3,2223652.2579685,A,F,,,,P3M,"Gross domestic product at market prices - Euro area 20 (fixed composition) as of 1 January 2023 - Domestic (home or reference area), Total economy, Euro, Chain linked volume (rebased), , Calendar and seasonally adjusted data",4D0,,,2,,,C,2015,,,,S,"Gross domestic product at market prices, volume",,6,
MNA.Q.Y.I9.W2.S1.S1.B.B1GQ._Z._Z._Z.EUR.LR.N,Q,Y,I9,W2,S1,S1,B,B1GQ,_Z,_Z,_Z,EUR,LR,N,1997-Q4,2247266.29907437,A,F,,,,P3M,"Gross domestic product at market prices - Euro area 20 (fixed composition) as of 1 January 2023 - Domestic (home or reference area), Total economy, Euro, Chain linked volume (rebased), , Calendar and seasonally adjusted data",4D0,,,2,,,C,2015,,,,S,"Gross domestic product at market prices, volume",,6,
MNA.Q.Y.I9.W2.S1.S1.B.B1GQ._Z._Z._Z.EUR.LR.N,Q,Y,I9,W2,S1,S1,B,B1GQ,_Z,_Z,_Z,EUR,LR,N,1998-Q1,2263480.4932883,A,F,,,,P3M,"Gross domestic product at market prices - Euro area 20 (fixed composition) as of 1 January 2023 - Domestic (home or reference area), Total economy, Euro, Chain linked volume (rebased), , Calendar and seasonally adjusted data",4D0,,,2,,,C,2015,,,,S,"Gross domestic product at market prices, volume",,6,
MNA.Q.Y.I9.W2.S1.S1.B.B1GQ._Z._Z._Z.EUR.LR.N,Q,Y,I9,W2,S1,S1,B,B1GQ,_Z,_Z,_Z,EUR,LR,N,1998-Q2,2272321.6103588,A,F,,,,P3M,"Gross domestic product at market prices - Euro area 20 (fixed composition) as of 1 January 2023 - Domestic (home or reference area), Total economy, Euro, Chain linked volume (rebased), , Calendar and seasonally adjusted data",4D0,,,2,,,C,2015,,,,S,"Gross domestic product at market prices, volume",,6,
MNA.Q.Y.I9.W2.S1.S1.B.B1GQ._Z._Z._Z.EUR.LR.N,Q,Y,I9,W2,S1,S1,B,B1GQ,_Z,_Z,_Z,EUR,LR,N,1998-Q3,2283959.86729401,A,F,,,,P3M,"Gross domestic product at market prices - Euro area 20 (fixed composition) as of 1 January 2023 - Domestic (home or reference area), Total economy, Euro, Chain linked volume (rebased), , Calendar and seasonally adjusted data",4D0,,,2,,,C,2015,,,,S,"Gross domestic product at market prices, volume",,6,
MNA.Q.Y.I9.W2.S1.S1.B.B1GQ._Z._Z._Z.EUR.LR.N,Q,Y,I9,W2,S1,S1,B,B1GQ,_Z,_Z,_Z,EUR,LR,N,1998-Q4,2291039.61862904,A,F,,,,P3M,"Gross domestic product at market prices - Euro area 20 (fixed composition) as of 1 January 2023 - Domestic (home or reference area), Total economy, Euro, Chain linked volume (rebased), , Calendar and seasonally adjusted data",4D0,,,2,,,C,2015,,,,S,"Gross domestic product at market prices, volume",,6,
MNA.Q.Y.I9.W2.S1.S1.B.B1GQ._Z._Z._Z.EUR.LR.N,Q,Y,I9,W2,S1,S1,B,B1GQ,_Z,_Z,_Z,EUR,LR,N,1999-Q1,2314138.63231276,A,F,,,,P3M,"Gross domestic product at market prices - Euro area 20 (fixed composition) as of 1 January 2023 - Domestic (home or reference area), Total economy, Euro, Chain linked volume (rebased), , Calendar and seasonally adjusted data",4D0,,,2,,,C,2015,,,,S,"Gross domestic product at market prices, volume",,6,
MNA.Q.Y.I9.W2.S1.S1.B.B1GQ._Z._Z._Z.EUR.LR.N,Q,Y,I9,W2,S1,S1,B,B1GQ,_Z,_Z,_Z,EUR,LR,N,1999-Q2,2325378.14381341,A,F,,,,P3M,"Gross domestic product at market prices - Euro area 20 (fixed composition) as of 1 January 2023 - Domestic (home or reference area), Total economy, Euro, Chain linked volume (rebased), , Calendar and seasonally adjusted data",4D0,,,2,,,C,2015,,,,S,"Gross domestic product at market prices, volume",,6,
MNA.Q.Y.I9.W2.S1.S1.B.B1GQ._Z._Z._Z.EUR.LR.N,Q,Y,I9,W2,S1,S1,B,B1GQ,_Z,_Z,_Z,EUR,LR,N,1999-Q3,2355509.49109303,A,F,,,,P3M,"Gross domestic product at market prices - Euro area 20 (fixed composition) as of 1 January 2023 - Domestic (home or reference area), Total economy, Euro, Chain linked volume (rebased), , Calendar and seasonally adjusted data",4D0,,,2,,,C,2015,,,,S,"Gross domestic product at market prices, volume",,6,
MNA.Q.Y.I9.W2.S1.S1.B.B1GQ._Z._Z._Z.EUR.LR.N,Q,Y,I9,W2,S1,S1,B,B1GQ,_Z,_Z,_Z,EUR,LR,N,1999-Q4,2380792.12624477,A,F,,,,P3M,"Gross domestic product at market prices - Euro area 20 (fixed composition) as of 1 January 2023 - Domestic (home or reference area), Total economy, Euro, Chain linked volume (rebased), , Calendar and seasonally adjusted data",4D0,,,2,,,C,2015,,,,S,"Gross domestic product at market prices, volume",,6,
MNA.Q.Y.I9.W2.S1.S1.B.B1GQ._Z._Z._Z.EUR.LR.N,Q,Y,I9,W2,S1,S1,B,B1GQ,_Z,_Z,_Z,EUR,LR,N,2000-Q1,2410886.01128823,A,F,,,,P3M,"Gross domestic product at market prices - Euro area 20 (fixed composition) as of 1 January 2023 - Domestic (home or reference area), Total economy, Euro, Chain linked volume (rebased), , Calendar and seasonally adjusted data",4D0,,,2,,,C,2015,,,,S,"Gross domestic product at market prices, volume",,6,
MNA.Q.Y.I9.W2.S1.S1.B.B1GQ._Z._Z._Z.EUR.LR.N,Q,Y,I9,W2,S1,S1,B,B1GQ,_Z,_Z,_Z,EUR,LR,N,2000-Q2,2433262.82885931,A,F,,,,P3M,"Gross domestic product at market prices - Euro area 20 (fixed composition) as of 1 January 2023 - Domestic (home or reference area), Total economy, Euro, Chain linked volume (rebased), , Calendar and seasonally adjusted data",4D0,,,2,,,C,2015,,,,S,"Gross domestic product at market prices, volume",,6,
MNA.Q.Y.I9.W2.S1.S1.B.B1GQ._Z._Z._Z.EUR.LR.N,Q,Y,I9,W2,S1,S1,B,B1GQ,_Z,_Z,_Z,EUR,LR,N,2000-Q3,2449205.43250749,A,F,,,,P3M,"Gross domestic product at market prices - Euro area 20 (fixed composition) as of 1 January 2023 - Domestic (home or reference area), Total economy, Euro, Chain linked volume (rebased), , Calendar and seasonally adjusted data",4D0,,,2,,,C,2015,,,,S,"Gross domestic product at market prices, volume",,6,
MNA.Q.Y.I9.W2.S1.S1.B.B1GQ._Z._Z._Z.EUR.LR.N,Q,Y,I9,W2,S1,S1,B,B1GQ,_Z,_Z,_Z,EUR,LR,N,2000-Q4,2461237.46535872,A,F,,,,P3M,"Gross domestic product at market prices - Euro area 20 (fixed composition) as of 1 January 2023 - Domestic (home or reference area), Total economy, Euro, Chain linked volume (rebased), , Calendar and seasonally adjusted data",4D0,,,2,,,C,2015,,,,S,"Gross domestic product at market prices, volume",,6,
MNA.Q.Y.I9.W2.S1.S1.B.B1GQ._Z._Z._Z.EUR.LR.N,Q,Y,I9,W2,S1,S1,B,B1GQ,_Z,_Z,_Z,EUR,LR,N,2001-Q1,2488017.70136965,A,F,,,,P3M,"Gross domestic product at market prices - Euro area 20 (fixed composition) as of 1 January 2023 - Domestic (home or reference area), Total economy, Euro, Chain linked volume (rebased), , Calendar and seasonally adjusted data",4D0,,,2,,,C,2015,,,,S,"Gross domestic product at market prices, volume",,6,
MNA.Q.Y.I9.W2.S1.S1.B.B1GQ._Z._Z._Z.EUR.LR.N,Q,Y,I9,W2,S1,S1,B,B1GQ,_Z,_Z,_Z,EUR,LR,N,2001-Q2,2489583.09024563,A,F,,,,P3M,"Gross domestic product at market prices - Euro area 20 (fixed composition) as of 1 January 2023 - Domestic (home or reference area), Total economy, Euro, Chain linked volume (rebased), , Calendar and seasonally adjusted data",4D0,,,2,,,C,2015,,,,S,"Gross domestic product at market prices, volume",,6,
MNA.Q.Y.I9.W2.S1.S1.B.B1GQ._Z._Z._Z.EUR.LR.N,Q,Y,I9,W2,S1,S1,B,B1GQ,_Z,_Z,_Z,EUR,LR,N,2001-Q3,2494060.94132394,A,F,,,,P3M,"Gross domestic product at market prices - Euro area 20 (fixed composition) as of 1 January 2023 - Domestic (home or reference area), Total economy, Euro, Chain linked volume (rebased), , Calendar and seasonally adjusted data",4D0,,,2,,,C,2015,,,,S,"Gross domestic product at market prices, volume",,6,
MNA.Q.Y.I9.W2.S1.S1.B.B1GQ._Z._Z._Z.EUR.LR.N,Q,Y,I9,W2,S1,S1,B,B1GQ,_Z,_Z,_Z,EUR,LR,N,2001-Q4,2493263.44277753,A,F,,,,P3M,"Gross domestic product at market prices - Euro area 20 (fixed composition) as of 1 January 2023 - Domestic (home or reference area), Total economy, Euro, Chain linked volume (rebased), , Calendar and seasonally adjusted data",4D0,,,2,,,C,2015,,,,S,"Gross domestic product at market prices, volume",,6,
MNA.Q.Y.I9.W2.S1.S1.B.B1GQ._Z._Z._Z.EUR.LR.N,Q,Y,I9,W2,S1,S1,B,B1GQ,_Z,_Z,_Z,EUR,LR,N,2002-Q1,2498840.89684036,A,F,,,,P3M,"Gross domestic product at market prices - Euro area 20 (fixed composition) as of 1 January 2023 - Domestic (home or reference area), Total economy, Euro, Chain linked volume (rebased), , Calendar and seasonally adjusted data",4D0,,,2,,,C,2015,,,,S,"Gross domestic product at market prices, volume",,6,
MNA.Q.Y.I9.W2.S1.S1.B.B1GQ._Z._Z._Z.EUR.LR.N,Q,Y,I9,W2,S1,S1,B,B1GQ,_Z,_Z,_Z,EUR,LR,N,2002-Q2,2510944.41906424,A,F,,,,P3M,"Gross domestic product at market prices - Euro area 20 (fixed composition) as of 1 January 2023 - Domestic (home or reference area), Total economy, Euro, Chain linked volume (rebased), , Calendar and seasonally adjusted data",4D0,,,2,,,C,2015,,,,S,"Gross domestic product at market prices, volume",,6,
MNA.Q.Y.I9.W2.S1.S1.B.B1GQ._Z._Z._Z.EUR.LR.N,Q,Y,I9,W2,S1,S1,B,B1GQ,_Z,_Z,_Z,EUR,LR,N,2002-Q3,2521090.0566922,A,F,,,,P3M,"Gross domestic product at market prices - Euro area 20 (fixed composition) as of 1 January 2023 - Domestic (home or reference area), Total economy, Euro, Chain linked volume (rebased), , Calendar and seasonally adjusted data",4D0,,,2,,,C,2015,,,,S,"Gross domestic product at market prices, volume",,6,
MNA.Q.Y.I9.W2.S1.S1.B.B1GQ._Z._Z._Z.EUR.LR.N,Q,Y,I9,W2,S1,S1,B,B1GQ,_Z,_Z,_Z,EUR,LR,N,2002-Q4,2526497.47071052,A,F,,,,P3M,"Gross domestic product at market prices - Euro area 20 (fixed composition) as of 1 January 2023 - Domestic (home or reference area), Total economy, Euro, Chain linked volume (rebased), , Calendar and seasonally adjusted data",4D0,,,2,,,C,2015,,,,S,"Gross domestic product at market prices, volume",,6,
MNA.Q.Y.I9.W2.S1.S1.B.B1GQ._Z._Z._Z.EUR.LR.N,Q,Y,I9,W2,S1,S1,B,B1GQ,_Z,_Z,_Z,EUR,LR,N,2003-Q1,2519739.87208174,A,F,,,,P3M,"Gross domestic product at market prices - Euro area 20 (fixed composition) as of 1 January 2023 - Domestic (home or reference area), Total economy, Euro, Chain linked volume (rebased), , Calendar and seasonally adjusted data",4D0,,,2,,,C,2015,,,,S,"Gross domestic product at market prices, volume",,6,
MNA.Q.Y.I9.W2.S1.S1.B.B1GQ._Z._Z._Z.EUR.LR.N,Q,Y,I9,W2,S1,S1,B,B1GQ,_Z,_Z,_Z,EUR,LR,N,2003-Q2,2521372.89901381,A,F,,,,P3M,"Gross domestic product at market prices - Euro area 20 (fixed composition) as of 1 January 2023 - Domestic (home or reference area), Total economy, Euro, Chain linked volume (rebased), , Calendar and seasonally adjusted data",4D0,,,2,,,C,2015,,,,S,"Gross domestic product at market prices, volume",,6,
MNA.Q.Y.I9.W2.S1.S1.B.B1GQ._Z._Z._Z.EUR.LR.N,Q,Y,I9,W2,S1,S1,B,B1GQ,_Z,_Z,_Z,EUR,LR,N,2003-Q3,2536687.44987903,A,F,,,,P3M,"Gross domestic product at market prices - Euro area 20 (fixed composition) as of 1 January 2023 - Domestic (home or reference area), Total economy, Euro, Chain linked volume (rebased), , Calendar and seasonally adjusted data",4D0,,,2,,,C,2015,,,,S,"Gross domestic product at market prices, volume",,6,
MNA.Q.Y.I9.W2.S1.S1.B.B1GQ._Z._Z._Z.EUR.LR.N,Q,Y,I9,W2,S1,S1,B,B1GQ,_Z,_Z,_Z,EUR,LR,N,2003-Q4,2553553.13582239,A,F,,,,P3M,"Gross domestic product at market prices - Euro area 20 (fixed composition) as of 1 January 2023 - Domestic (home or reference area), Total economy, Euro, Chain linked volume (rebased), , Calendar and seasonally adjusted data",4D0,,,2,,,C,2015,,,,S,"Gross domestic product at market prices, volume",,6,
MNA.Q.Y.I9.W2.S1.S1.B.B1GQ._Z._Z._Z.EUR.LR.N,Q,Y,I9,W2,S1,S1,B,B1GQ,_Z,_Z,_Z,EUR,LR,N,2004-Q1,2567052.02653903,A,F,,,,P3M,"Gross domestic product at market prices - Euro area 20 (fixed composition) as of 1 January 2023 - Domestic (home or reference area), Total economy, Euro, Chain linked volume (rebased), , Calendar and seasonally adjusted data",4D0,,,2,,,C,2015,,,,S,"Gross domestic product at market prices, volume",,6,
MNA.Q.Y.I9.W2.S1.S1.B.B1GQ._Z._Z._Z.EUR.LR.N,Q,Y,I9,W2,S1,S1,B,B1GQ,_Z,_Z,_Z,EUR,LR,N,2004-Q2,2583415.86647237,A,F,,,,P3M,"Gross domestic product at market prices - Euro area 20 (fixed composition) as of 1 January 2023 - Domestic (home or reference area), Total economy, Euro, Chain linked volume (rebased), , Calendar and seasonally adjusted data",4D0,,,2,,,C,2015,,,,S,"Gross domestic product at market prices, volume",,6,
MNA.Q.Y.I9.W2.S1.S1.B.B1GQ._Z._Z._Z.EUR.LR.N,Q,Y,I9,W2,S1,S1,B,B1GQ,_Z,_Z,_Z,EUR,LR,N,2004-Q3,2588200.62983708,A,F,,,,P3M,"Gross domestic product at market prices - Euro area 20 (fixed composition) as of 1 January 2023 - Domestic (home or reference area), Total economy, Euro, Chain linked volume (rebased), , Calendar and seasonally adjusted data",4D0,,,2,,,C,2015,,,,S,"Gross domestic product at market prices, volume",,6,
MNA.Q.Y.I9.W2.S1.S1.B.B1GQ._Z._Z._Z.EUR.LR.N,Q,Y,I9,W2,S1,S1,B,B1GQ,_Z,_Z,_Z,EUR,LR,N,2004-Q4,2600031.71030082,A,F,,,,P3M,"Gross domestic product at market prices - Euro area 20 (fixed composition) as of 1 January 2023 - Domestic (home or reference area), Total economy, Euro, Chain linked volume (rebased), , Calendar and seasonally adjusted data",4D0,,,2,,,C,2015,,,,S,"Gross domestic product at market prices, volume",,6,
MNA.Q.Y.I9.W2.S1.S1.B.B1GQ._Z._Z._Z.EUR.LR.N,Q,Y,I9,W2,S1,S1,B,B1GQ,_Z,_Z,_Z,EUR,LR,N,2005-Q1,2607044.62391946,A,F,,,,P3M,"Gross domestic product at market prices - Euro area 20 (fixed composition) as of 1 January 2023 - Domestic (home or reference area), Total economy, Euro, Chain linked volume (rebased), , Calendar and seasonally adjusted data",4D0,,,2,,,C,2015,,,,S,"Gross domestic product at market prices, volume",,6,
MNA.Q.Y.I9.W2.S1.S1.B.B1GQ._Z._Z._Z.EUR.LR.N,Q,Y,I9,W2,S1,S1,B,B1GQ,_Z,_Z,_Z,EUR,LR,N,2005-Q2,2623637.53609613,A,F,,,,P3M,"Gross domestic product at market prices - Euro area 20 (fixed composition) as of 1 January 2023 - Domestic (home or reference area), Total economy, Euro, Chain linked volume (rebased), , Calendar and seasonally adjusted data",4D0,,,2,,,C,2015,,,,S,"Gross domestic product at market prices, volume",,6,
MNA.Q.Y.I9.W2.S1.S1.B.B1GQ._Z._Z._Z.EUR.LR.N,Q,Y,I9,W2,S1,S1,B,B1GQ,_Z,_Z,_Z,EUR,LR,N,2005-Q3,2642293.41417827,A,F,,,,P3M,"Gross domestic product at market prices - Euro area 20 (fixed composition) as of 1 January 2023 - Domestic (home or reference area), Total economy, Euro, Chain linked volume (rebased), , Calendar and seasonally adjusted data",4D0,,,2,,,C,2015,,,,S,"Gross domestic product at market prices, volume",,6,
MNA.Q.Y.I9.W2.S1.S1.B.B1GQ._Z._Z._Z.EUR.LR.N,Q,Y,I9,W2,S1,S1,B,B1GQ,_Z,_Z,_Z,EUR,LR,N,2005-Q4,2661340.16777062,A,F,,,,P3M,"Gross domestic product at market prices - Euro area 20 (fixed composition) as of 1 January 2023 - Domestic (home or reference area), Total economy, Euro, Chain linked volume (rebased), , Calendar and seasonally adjusted data",4D0,,,2,,,C,2015,,,,S,"Gross domestic product at market prices, volume",,6,
MNA.Q.Y.I9.W2.S1.S1.B.B1GQ._Z._Z._Z.EUR.LR.N,Q,Y,I9,W2,S1,S1,B,B1GQ,_Z,_Z,_Z,EUR,LR,N,2006-Q1,2686395.05339449,A,F,,,,P3M,"Gross domestic product at market prices - Euro area 20 (fixed composition) as of 1 January 2023 - Domestic (home or reference area), Total economy, Euro, Chain linked volume (rebased), , Calendar and seasonally adjusted data",4D0,,,2,,,C,2015,,,,S,"Gross domestic product at market prices, volume",,6,
MNA.Q.Y.I9.W2.S1.S1.B.B1GQ._Z._Z._Z.EUR.LR.N,Q,Y,I9,W2,S1,S1,B,B1GQ,_Z,_Z,_Z,EUR,LR,N,2006-Q2,2716365.77685801,A,F,,,,P3M,"Gross domestic product at market prices - Euro area 20 (fixed composition) as of 1 January 2023 - Domestic (home or reference area), Total economy, Euro, Chain linked volume (rebased), , Calendar and seasonally adjusted data",4D0,,,2,,,C,2015,,,,S,"Gross domestic product at market prices, volume",,6,
MNA.Q.Y.I9.W2.S1.S1.B.B1GQ._Z._Z._Z.EUR.LR.N,Q,Y,I9,W2,S1,S1,B,B1GQ,_Z,_Z,_Z,EUR,LR,N,2006-Q3,2730394.32147182,A,F,,,,P3M,"Gross domestic product at market prices - Euro area 20 (fixed composition) as of 1 January 2023 - Domestic (home or reference area), Total economy, Euro, Chain linked volume (rebased), , Calendar and seasonally adjusted data",4D0,,,2,,,C,2015,,,,S,"Gross domestic product at market prices, volume",,6,
MNA.Q.Y.I9.W2.S1.S1.B.B1GQ._Z._Z._Z.EUR.LR.N,Q,Y,I9,W2,S1,S1,B,B1GQ,_Z,_Z,_Z,EUR,LR,N,2006-Q4,2762459.0813997,A,F,,,,P3M,"Gross domestic product at market prices - Euro area 20 (fixed composition) as of 1 January 2023 - Domestic (home or reference area), Total economy, Euro, Chain linked volume (rebased), , Calendar and seasonally adjusted data",4D0,,,2,,,C,2015,,,,S,"Gross domestic product at market prices, volume",,6,
MNA.Q.Y.I9.W2.S1.S1.B.B1GQ._Z._Z._Z.EUR.LR.N,Q,Y,I9,W2,S1,S1,B,B1GQ,_Z,_Z,_Z,EUR,LR,N,2007-Q1,2782395.65474415,A,F,,,,P3M,"Gross domestic product at market prices - Euro area 20 (fixed composition) as of 1 January 2023 - Domestic (home or reference area), Total economy, Euro, Chain linked volume (rebased), , Calendar and seasonally adjusted data",4D0,,,2,,,C,2015,,,,S,"Gross domestic product at market prices, volume",,6,
MNA.Q.Y.I9.W2.S1.S1.B.B1GQ._Z._Z._Z.EUR.LR.N,Q,Y,I9,W2,S1,S1,B,B1GQ,_Z,_Z,_Z,EUR,LR,N,2007-Q2,2801145.07592506,A,F,,,,P3M,"Gross domestic product at market prices - Euro area 20 (fixed composition) as of 1 January 2023 - Domestic (home or reference area), Total economy, Euro, Chain linked volume (rebased), , Calendar and seasonally adjusted data",4D0,,,2,,,C,2015,,,,S,"Gross domestic product at market prices, volume",,6,
MNA.Q.Y.I9.W2.S1.S1.B.B1GQ._Z._Z._Z.EUR.LR.N,Q,Y,I9,W2,S1,S1,B,B1GQ,_Z,_Z,_Z,EUR,LR,N,2007-Q3,2811096.14692654,A,F,,,,P3M,"Gross domestic product at market prices - Euro area 20 (fixed composition) as of 1 January 2023 - Domestic (home or reference area), Total economy, Euro, Chain linked volume (rebased), , Calendar and seasonally adjusted data",4D0,,,2,,,C,2015,,,,S,"Gross domestic product at market prices, volume",,6,
MNA.Q.Y.I9.W2.S1.S1.B.B1GQ._Z._Z._Z.EUR.LR.N,Q,Y,I9,W2,S1,S1,B,B1GQ,_Z,_Z,_Z,EUR,LR,N,2007-Q4,2825403.95863833,A,F,,,,P3M,"Gross domestic product at market prices - Euro area 20 (fixed composition) as of 1 January 2023 - Domestic (home or reference area), Total economy, Euro, Chain linked volume (rebased), , Calendar and seasonally adjusted data",4D0,,,2,,,C,2015,,,,S,"Gross domestic product at market prices, volume",,6,
MNA.Q.Y.I9.W2.S1.S1.B.B1GQ._Z._Z._Z.EUR.LR.N,Q,Y,I9,W2,S1,S1,B,B1GQ,_Z,_Z,_Z,EUR,LR,N,2008-Q1,2844252.77882048,A,F,,,,P3M,"Gross domestic product at market prices - Euro area 20 (fixed composition) as of 1 January 2023 - Domestic (home or reference area), Total economy, Euro, Chain linked volume (rebased), , Calendar and seasonally adjusted data",4D0,,,2,,,C,2015,,,,S,"Gross domestic product at market prices, volume",,6,
MNA.Q.Y.I9.W2.S1.S1.B.B1GQ._Z._Z._Z.EUR.LR.N,Q,Y,I9,W2,S1,S1,B,B1GQ,_Z,_Z,_Z,EUR,LR,N,2008-Q2,2830142.96317558,A,F,,,,P3M,"Gross domestic product at market prices - Euro area 20 (fixed composition) as of 1 January 2023 - Domestic (home or reference area), Total economy, Euro, Chain linked volume (rebased), , Calendar and seasonally adjusted data",4D0,,,2,,,C,2015,,,,S,"Gross domestic product at market prices, volume",,6,
MNA.Q.Y.I9.W2.S1.S1.B.B1GQ._Z._Z._Z.EUR.LR.N,Q,Y,I9,W2,S1,S1,B,B1GQ,_Z,_Z,_Z,EUR,LR,N,2008-Q3,2814062.0199311,A,F,,,,P3M,"Gross domestic product at market prices - Euro area 20 (fixed composition) as of 1 January 2023 - Domestic (home or reference area), Total economy, Euro, Chain linked volume (rebased), , Calendar and seasonally adjusted data",4D0,,,2,,,C,2015,,,,S,"Gross domestic product at market prices, volume",,6,
MNA.Q.Y.I9.W2.S1.S1.B.B1GQ._Z._Z._Z.EUR.LR.N,Q,Y,I9,W2,S1,S1,B,B1GQ,_Z,_Z,_Z,EUR,LR,N,2008-Q4,2765671.113899,A,F,,,,P3M,"Gross domestic product at market prices - Euro area 20 (fixed composition) as of 1 January 2023 - Domestic (home or reference area), Total economy, Euro, Chain linked volume (rebased), , Calendar and seasonally adjusted data",4D0,,,2,,,C,2015,,,,S,"Gross domestic product at market prices, volume",,6,
MNA.Q.Y.I9.W2.S1.S1.B.B1GQ._Z._Z._Z.EUR.LR.N,Q,Y,I9,W2,S1,S1,B,B1GQ,_Z,_Z,_Z,EUR,LR,N,2009-Q1,2681406.7842405,A,F,,,,P3M,"Gross domestic product at market prices - Euro area 20 (fixed composition) as of 1 January 2023 - Domestic (home or reference area), Total economy, Euro, Chain linked volume (rebased), , Calendar and seasonally adjusted data",4D0,,,2,,,C,2015,,,,S,"Gross domestic product at market prices, volume",,6,
MNA.Q.Y.I9.W2.S1.S1.B.B1GQ._Z._Z._Z.EUR.LR.N,Q,Y,I9,W2,S1,S1,B,B1GQ,_Z,_Z,_Z,EUR,LR,N,2009-Q2,2681455.96241866,A,F,,,,P3M,"Gross domestic product at market prices - Euro area 20 (fixed composition) as of 1 January 2023 - Domestic (home or reference area), Total economy, Euro, Chain linked volume (rebased), , Calendar and seasonally adjusted data",4D0,,,2,,,C,2015,,,,S,"Gross domestic product at market prices, volume",,6,
MNA.Q.Y.I9.W2.S1.S1.B.B1GQ._Z._Z._Z.EUR.LR.N,Q,Y,I9,W2,S1,S1,B,B1GQ,_Z,_Z,_Z,EUR,LR,N,2009-Q3,2690880.58774218,A,F,,,,P3M,"Gross domestic product at market prices - Euro area 20 (fixed composition) as of 1 January 2023 - Domestic (home or reference area), Total economy, Euro, Chain linked volume (rebased), , Calendar and seasonally adjusted data",4D0,,,2,,,C,2015,,,,S,"Gross domestic product at market prices, volume",,6,
MNA.Q.Y.I9.W2.S1.S1.B.B1GQ._Z._Z._Z.EUR.LR.N,Q,Y,I9,W2,S1,S1,B,B1GQ,_Z,_Z,_Z,EUR,LR,N,2009-Q4,2702777.24111681,A,F,,,,P3M,"Gross domestic product at market prices - Euro area 20 (fixed composition) as of 1 January 2023 - Domestic (home or reference area), Total economy, Euro, Chain linked volume (rebased), , Calendar and seasonally adjusted data",4D0,,,2,,,C,2015,,,,S,"Gross domestic product at market prices, volume",,6,
MNA.Q.Y.I9.W2.S1.S1.B.B1GQ._Z._Z._Z.EUR.LR.N,Q,Y,I9,W2,S1,S1,B,B1GQ,_Z,_Z,_Z,EUR,LR,N,2010-Q1,2713767.05132308,A,F,,,,P3M,"Gross domestic product at market prices - Euro area 20 (fixed composition) as of 1 January 2023 - Domestic (home or reference area), Total economy, Euro, Chain linked volume (rebased), , Calendar and seasonally adjusted data",4D0,,,2,,,C,2015,,,,S,"Gross domestic product at market prices, volume",,6,
MNA.Q.Y.I9.W2.S1.S1.B.B1GQ._Z._Z._Z.EUR.LR.N,Q,Y,I9,W2,S1,S1,B,B1GQ,_Z,_Z,_Z,EUR,LR,N,2010-Q2,2739048.39106544,A,F,,,,P3M,"Gross domestic product at market prices - Euro area 20 (fixed composition) as of 1 January 2023 - Domestic (home or reference area), Total economy, Euro, Chain linked volume (rebased), , Calendar and seasonally adjusted data",4D0,,,2,,,C,2015,,,,S,"Gross domestic product at market prices, volume",,6,
MNA.Q.Y.I9.W2.S1.S1.B.B1GQ._Z._Z._Z.EUR.LR.N,Q,Y,I9,W2,S1,S1,B,B1GQ,_Z,_Z,_Z,EUR,LR,N,2010-Q3,2750895.96927254,A,F,,,,P3M,"Gross domestic product at market prices - Euro area 20 (fixed composition) as of 1 January 2023 - Domestic (home or reference area), Total economy, Euro, Chain linked volume (rebased), , Calendar and seasonally adjusted data",4D0,,,2,,,C,2015,,,,S,"Gross domestic product at market prices, volume",,6,
MNA.Q.Y.I9.W2.S1.S1.B.B1GQ._Z._Z._Z.EUR.LR.N,Q,Y,I9,W2,S1,S1,B,B1GQ,_Z,_Z,_Z,EUR,LR,N,2010-Q4,2766842.63624459,A,F,,,,P3M,"Gross domestic product at market prices - Euro area 20 (fixed composition) as of 1 January 2023 - Domestic (home or reference area), Total economy, Euro, Chain linked volume (rebased), , Calendar and seasonally adjusted data",4D0,,,2,,,C,2015,,,,S,"Gross domestic product at market prices, volume",,6,
MNA.Q.Y.I9.W2.S1.S1.B.B1GQ._Z._Z._Z.EUR.LR.N,Q,Y,I9,W2,S1,S1,B,B1GQ,_Z,_Z,_Z,EUR,LR,N,2011-Q1,2793530.31293172,A,F,,,,P3M,"Gross domestic product at market prices - Euro area 20 (fixed composition) as of 1 January 2023 - Domestic (home or reference area), Total economy, Euro, Chain linked volume (rebased), , Calendar and seasonally adjusted data",4D0,,,2,,,C,2015,,,,S,"Gross domestic product at market prices, volume",,6,
MNA.Q.Y.I9.W2.S1.S1.B.B1GQ._Z._Z._Z.EUR.LR.N,Q,Y,I9,W2,S1,S1,B,B1GQ,_Z,_Z,_Z,EUR,LR,N,2011-Q2,2793288.51725993,A,F,,,,P3M,"Gross domestic product at market prices - Euro area 20 (fixed composition) as of 1 January 2023 - Domestic (home or reference area), Total economy, Euro, Chain linked volume (rebased), , Calendar and seasonally adjusted data",4D0,,,2,,,C,2015,,,,S,"Gross domestic product at market prices, volume",,6,
MNA.Q.Y.I9.W2.S1.S1.B.B1GQ._Z._Z._Z.EUR.LR.N,Q,Y,I9,W2,S1,S1,B,B1GQ,_Z,_Z,_Z,EUR,LR,N,2011-Q3,2793638.29006103,A,F,,,,P3M,"Gross domestic product at market prices - Euro area 20 (fixed composition) as of 1 January 2023 - Domestic (home or reference area), Total economy, Euro, Chain linked volume (rebased), , Calendar and seasonally adjusted data",4D0,,,2,,,C,2015,,,,S,"Gross domestic product at market prices, volume",,6,
MNA.Q.Y.I9.W2.S1.S1.B.B1GQ._Z._Z._Z.EUR.LR.N,Q,Y,I9,W2,S1,S1,B,B1GQ,_Z,_Z,_Z,EUR,LR,N,2011-Q4,2785292.52714666,A,F,,,,P3M,"Gross domestic product at market prices - Euro area 20 (fixed composition) as of 1 January 2023 - Domestic (home or reference area), Total economy, Euro, Chain linked volume (rebased), , Calendar and seasonally adjusted data",4D0,,,2,,,C,2015,,,,S,"Gross domestic product at market prices, volume",,6,
MNA.Q.Y.I9.W2.S1.S1.B.B1GQ._Z._Z._Z.EUR.LR.N,Q,Y,I9,W2,S1,S1,B,B1GQ,_Z,_Z,_Z,EUR,LR,N,2012-Q1,2778872.46653948,A,F,,,,P3M,"Gross domestic product at market prices - Euro area 20 (fixed composition) as of 1 January 2023 - Domestic (home or reference area), Total economy, Euro, Chain linked volume (rebased), , Calendar and seasonally adjusted data",4D0,,,2,,,C,2015,,,,S,"Gross domestic product at market prices, volume",,6,
MNA.Q.Y.I9.W2.S1.S1.B.B1GQ._Z._Z._Z.EUR.LR.N,Q,Y,I9,W2,S1,S1,B,B1GQ,_Z,_Z,_Z,EUR,LR,N,2012-Q2,2768718.01983537,A,F,,,,P3M,"Gross domestic product at market prices - Euro area 20 (fixed composition) as of 1 January 2023 - Domestic (home or reference area), Total economy, Euro, Chain linked volume (rebased), , Calendar and seasonally adjusted data",4D0,,,2,,,C,2015,,,,S,"Gross domestic product at market prices, volume",,6,
MNA.Q.Y.I9.W2.S1.S1.B.B1GQ._Z._Z._Z.EUR.LR.N,Q,Y,I9,W2,S1,S1,B,B1GQ,_Z,_Z,_Z,EUR,LR,N,2012-Q3,2764887.79962252,A,F,,,,P3M,"Gross domestic product at market prices - Euro area 20 (fixed composition) as of 1 January 2023 - Domestic (home or reference area), Total economy, Euro, Chain linked volume (rebased), , Calendar and seasonally adjusted data",4D0,,,2,,,C,2015,,,,S,"Gross domestic product at market prices, volume",,6,
MNA.Q.Y.I9.W2.S1.S1.B.B1GQ._Z._Z._Z.EUR.LR.N,Q,Y,I9,W2,S1,S1,B,B1GQ,_Z,_Z,_Z,EUR,LR,N,2012-Q4,2752757.4033764,A,F,,,,P3M,"Gross domestic product at market prices - Euro area 20 (fixed composition) as of 1 January 2023 - Domestic (home or reference area), Total economy, Euro, Chain linked volume (rebased), , Calendar and seasonally adjusted data",4D0,,,2,,,C,2015,,,,S,"Gross domestic product at market prices, volume",,6,
MNA.Q.Y.I9.W2.S1.S1.B.B1GQ._Z._Z._Z.EUR.LR.N,Q,Y,I9,W2,S1,S1,B,B1GQ,_Z,_Z,_Z,EUR,LR,N,2013-Q1,2744281.81068276,A,F,,,,P3M,"Gross domestic product at market prices - Euro area 20 (fixed composition) as of 1 January 2023 - Domestic (home or reference area), Total economy, Euro, Chain linked volume (rebased), , Calendar and seasonally adjusted data",4D0,,,2,,,C,2015,,,,S,"Gross domestic product at market prices, volume",,6,
MNA.Q.Y.I9.W2.S1.S1.B.B1GQ._Z._Z._Z.EUR.LR.N,Q,Y,I9,W2,S1,S1,B,B1GQ,_Z,_Z,_Z,EUR,LR,N,2013-Q2,2761997.28117847,A,F,,,,P3M,"Gross domestic product at market prices - Euro area 20 (fixed composition) as of 1 January 2023 - Domestic (home or reference area), Total economy, Euro, Chain linked volume (rebased), , Calendar and seasonally adjusted data",4D0,,,2,,,C,2015,,,,S,"Gross domestic product at market prices, volume",,6,
MNA.Q.Y.I9.W2.S1.S1.B.B1GQ._Z._Z._Z.EUR.LR.N,Q,Y,I9,W2,S1,S1,B,B1GQ,_Z,_Z,_Z,EUR,LR,N,2013-Q3,2769776.49371005,A,F,,,,P3M,"Gross domestic product at market prices - Euro area 20 (fixed composition) as of 1 January 2023 - Domestic (home or reference area), Total economy, Euro, Chain linked volume (rebased), , Calendar and seasonally adjusted data",4D0,,,2,,,C,2015,,,,S,"Gross domestic product at market prices, volume",,6,
MNA.Q.Y.I9.W2.S1.S1.B.B1GQ._Z._Z._Z.EUR.LR.N,Q,Y,I9,W2,S1,S1,B,B1GQ,_Z,_Z,_Z,EUR,LR,N,2013-Q4,2775518.88260233,A,F,,,,P3M,"Gross domestic product at market prices - Euro area 20 (fixed composition) as of 1 January 2023 - Domestic (home or reference area), Total economy, Euro, Chain linked volume (rebased), , Calendar and seasonally adjusted data",4D0,,,2,,,C,2015,,,,S,"Gross domestic product at market prices, volume",,6,
MNA.Q.Y.I9.W2.S1.S1.B.B1GQ._Z._Z._Z.EUR.LR.N,Q,Y,I9,W2,S1,S1,B,B1GQ,_Z,_Z,_Z,EUR,LR,N,2014-Q1,2789258.76587861,A,F,,,,P3M,"Gross domestic product at market prices - Euro area 20 (fixed composition) as of 1 January 2023 - Domestic (home or reference area), Total economy, Euro, Chain linked volume (rebased), , Calendar and seasonally adjusted data",4D0,,,2,,,C,2015,,,,S,"Gross domestic product at market prices, volume",,6,
MNA.Q.Y.I9.W2.S1.S1.B.B1GQ._Z._Z._Z.EUR.LR.N,Q,Y,I9,W2,S1,S1,B,B1GQ,_Z,_Z,_Z,EUR,LR,N,2014-Q2,2795328.7398966,A,F,,,,P3M,"Gross domestic product at market prices - Euro area 20 (fixed composition) as of 1 January 2023 - Domestic (home or reference area), Total economy, Euro, Chain linked volume (rebased), , Calendar and seasonally adjusted data",4D0,,,2,,,C,2015,,,,S,"Gross domestic product at market prices, volume",,6,
MNA.Q.Y.I9.W2.S1.S1.B.B1GQ._Z._Z._Z.EUR.LR.N,Q,Y,I9,W2,S1,S1,B,B1GQ,_Z,_Z,_Z,EUR,LR,N,2014-Q3,2808622.35875593,A,F,,,,P3M,"Gross domestic product at market prices - Euro area 20 (fixed composition) as of 1 January 2023 - Domestic (home or reference area), Total economy, Euro, Chain linked volume (rebased), , Calendar and seasonally adjusted data",4D0,,,2,,,C,2015,,,,S,"Gross domestic product at market prices, volume",,6,
MNA.Q.Y.I9.W2.S1.S1.B.B1GQ._Z._Z._Z.EUR.LR.N,Q,Y,I9,W2,S1,S1,B,B1GQ,_Z,_Z,_Z,EUR,LR,N,2014-Q4,2819062.03177663,A,F,,,,P3M,"Gross domestic product at market prices - Euro area 20 (fixed composition) as of 1 January 2023 - Domestic (home or reference area), Total economy, Euro, Chain linked volume (rebased), , Calendar and seasonally adjusted data",4D0,,,2,,,C,2015,,,,S,"Gross domestic product at market prices, volume",,6,
MNA.Q.Y.I9.W2.S1.S1.B.B1GQ._Z._Z._Z.EUR.LR.N,Q,Y,I9,W2,S1,S1,B,B1GQ,_Z,_Z,_Z,EUR,LR,N,2015-Q1,2841518.34096077,A,F,,,,P3M,"Gross domestic product at market prices - Euro area 20 (fixed composition) as of 1 January 2023 - Domestic (home or reference area), Total economy, Euro, Chain linked volume (rebased), , Calendar and seasonally adjusted data",4D0,,,2,,,C,2015,,,,S,"Gross domestic product at market prices, volume",,6,
MNA.Q.Y.I9.W2.S1.S1.B.B1GQ._Z._Z._Z.EUR.LR.N,Q,Y,I9,W2,S1,S1,B,B1GQ,_Z,_Z,_Z,EUR,LR,N,2015-Q2,2852946.32972877,A,F,,,,P3M,"Gross domestic product at market prices - Euro area 20 (fixed composition) as of 1 January 2023 - Domestic (home or reference area), Total economy, Euro, Chain linked volume (rebased), , Calendar and seasonally adjusted data",4D0,,,2,,,C,2015,,,,S,"Gross domestic product at market prices, volume",,6,
MNA.Q.Y.I9.W2.S1.S1.B.B1GQ._Z._Z._Z.EUR.LR.N,Q,Y,I9,W2,S1,S1,B,B1GQ,_Z,_Z,_Z,EUR,LR,N,2015-Q3,2864824.98435967,A,F,,,,P3M,"Gross domestic product at market prices - Euro area 20 (fixed composition) as of 1 January 2023 - Domestic (home or reference area), Total economy, Euro, Chain linked volume (rebased), , Calendar and seasonally adjusted data",4D0,,,2,,,C,2015,,,,S,"Gross domestic product at market prices, volume",,6,
MNA.Q.Y.I9.W2.S1.S1.B.B1GQ._Z._Z._Z.EUR.LR.N,Q,Y,I9,W2,S1,S1,B,B1GQ,_Z,_Z,_Z,EUR,LR,N,2015-Q4,2878389.428749,A,F,,,,P3M,"Gross domestic product at market prices - Euro area 20 (fixed composition) as of 1 January 2023 - Domestic (home or reference area), Total economy, Euro, Chain linked volume (rebased), , Calendar and seasonally adjusted data",4D0,,,2,,,C,2015,,,,S,"Gross domestic product at market prices, volume",,6,
MNA.Q.Y.I9.W2.S1.S1.B.B1GQ._Z._Z._Z.EUR.LR.N,Q,Y,I9,W2,S1,S1,B,B1GQ,_Z,_Z,_Z,EUR,LR,N,2016-Q1,2893244.41896097,A,F,,,,P3M,"Gross domestic product at market prices - Euro area 20 (fixed composition) as of 1 January 2023 - Domestic (home or reference area), Total economy, Euro, Chain linked volume (rebased), , Calendar and seasonally adjusted data",4D0,,,2,,,C,2015,,,,S,"Gross domestic product at market prices, volume",,6,
MNA.Q.Y.I9.W2.S1.S1.B.B1GQ._Z._Z._Z.EUR.LR.N,Q,Y,I9,W2,S1,S1,B,B1GQ,_Z,_Z,_Z,EUR,LR,N,2016-Q2,2898143.18830244,A,F,,,,P3M,"Gross domestic product at market prices - Euro area 20 (fixed composition) as of 1 January 2023 - Domestic (home or reference area), Total economy, Euro, Chain linked volume (rebased), , Calendar and seasonally adjusted data",4D0,,,2,,,C,2015,,,,S,"Gross domestic product at market prices, volume",,6,
MNA.Q.Y.I9.W2.S1.S1.B.B1GQ._Z._Z._Z.EUR.LR.N,Q,Y,I9,W2,S1,S1,B,B1GQ,_Z,_Z,_Z,EUR,LR,N,2016-Q3,2912016.88334977,A,F,,,,P3M,"Gross domestic product at market prices - Euro area 20 (fixed composition) as of 1 January 2023 - Domestic (home or reference area), Total economy, Euro, Chain linked volume (rebased), , Calendar and seasonally adjusted data",4D0,,,2,,,C,2015,,,,S,"Gross domestic product at market prices, volume",,6,
MNA.Q.Y.I9.W2.S1.S1.B.B1GQ._Z._Z._Z.EUR.LR.N,Q,Y,I9,W2,S1,S1,B,B1GQ,_Z,_Z,_Z,EUR,LR,N,2016-Q4,2935448.5100221,A,F,,,,P3M,"Gross domestic product at market prices - Euro area 20 (fixed composition) as of 1 January 2023 - Domestic (home or reference area), Total economy, Euro, Chain linked volume (rebased), , Calendar and seasonally adjusted data",4D0,,,2,,,C,2015,,,,S,"Gross domestic product at market prices, volume",,6,
MNA.Q.Y.I9.W2.S1.S1.B.B1GQ._Z._Z._Z.EUR.LR.N,Q,Y,I9,W2,S1,S1,B,B1GQ,_Z,_Z,_Z,EUR,LR,N,2017-Q1,2958252.2689724,A,F,,,,P3M,"Gross domestic product at market prices - Euro area 20 (fixed composition) as of 1 January 2023 - Domestic (home or reference area), Total economy, Euro, Chain linked volume (rebased), , Calendar and seasonally adjusted data",4D0,,,2,,,C,2015,,,,S,"Gross domestic product at market prices, volume",,6,
MNA.Q.Y.I9.W2.S1.S1.B.B1GQ._Z._Z._Z.EUR.LR.N,Q,Y,I9,W2,S1,S1,B,B1GQ,_Z,_Z,_Z,EUR,LR,N,2017-Q2,2978094.02952397,A,F,,,,P3M,"Gross domestic product at market prices - Euro area 20 (fixed composition) as of 1 January 2023 - Domestic (home or reference area), Total economy, Euro, Chain linked volume (rebased), , Calendar and seasonally adjusted data",4D0,,,2,,,C,2015,,,,S,"Gross domestic product at market prices, volume",,6,
MNA.Q.Y.I9.W2.S1.S1.B.B1GQ._Z._Z._Z.EUR.LR.N,Q,Y,I9,W2,S1,S1,B,B1GQ,_Z,_Z,_Z,EUR,LR,N,2017-Q3,3000436.66325338,A,F,,,,P3M,"Gross domestic product at market prices - Euro area 20 (fixed composition) as of 1 January 2023 - Domestic (home or reference area), Total economy, Euro, Chain linked volume (rebased), , Calendar and seasonally adjusted data",4D0,,,2,,,C,2015,,,,S,"Gross domestic product at market prices, volume",,6,
MNA.Q.Y.I9.W2.S1.S1.B.B1GQ._Z._Z._Z.EUR.LR.N,Q,Y,I9,W2,S1,S1,B,B1GQ,_Z,_Z,_Z,EUR,LR,N,2017-Q4,3024637.53866144,A,F,,,,P3M,"Gross domestic product at market prices - Euro area 20 (fixed composition) as of 1 January 2023 - Domestic (home or reference area), Total economy, Euro, Chain linked volume (rebased), , Calendar and seasonally adjusted data",4D0,,,2,,,C,2015,,,,S,"Gross domestic product at market prices, volume",,6,
MNA.Q.Y.I9.W2.S1.S1.B.B1GQ._Z._Z._Z.EUR.LR.N,Q,Y,I9,W2,S1,S1,B,B1GQ,_Z,_Z,_Z,EUR,LR,N,2018-Q1,3025453.14181953,A,F,,,,P3M,"Gross domestic product at market prices - Euro area 20 (fixed composition) as of 1 January 2023 - Domestic (home or reference area), Total economy, Euro, Chain linked volume (rebased), , Calendar and seasonally adjusted data",4D0,,,2,,,C,2015,,,,S,"Gross domestic product at market prices, volume",,6,
MNA.Q.Y.I9.W2.S1.S1.B.B1GQ._Z._Z._Z.EUR.LR.N,Q,Y,I9,W2,S1,S1,B,B1GQ,_Z,_Z,_Z,EUR,LR,N,2018-Q2,3041241.12901884,A,F,,,,P3M,"Gross domestic product at market prices - Euro area 20 (fixed composition) as of 1 January 2023 - Domestic (home or reference area), Total economy, Euro, Chain linked volume (rebased), , Calendar and seasonally adjusted data",4D0,,,2,,,C,2015,,,,S,"Gross domestic product at market prices, volume",,6,
MNA.Q.Y.I9.W2.S1.S1.B.B1GQ._Z._Z._Z.EUR.LR.N,Q,Y,I9,W2,S1,S1,B,B1GQ,_Z,_Z,_Z,EUR,LR,N,2018-Q3,3043918.58074311,A,F,,,,P3M,"Gross domestic product at market prices - Euro area 20 (fixed composition) as of 1 January 2023 - Domestic (home or reference area), Total economy, Euro, Chain linked volume (rebased), , Calendar and seasonally adjusted data",4D0,,,2,,,C,2015,,,,S,"Gross domestic product at market prices, volume",,6,
MNA.Q.Y.I9.W2.S1.S1.B.B1GQ._Z._Z._Z.EUR.LR.N,Q,Y,I9,W2,S1,S1,B,B1GQ,_Z,_Z,_Z,EUR,LR,N,2018-Q4,3059887.2956915,A,F,,,,P3M,"Gross domestic product at market prices - Euro area 20 (fixed composition) as of 1 January 2023 - Domestic (home or reference area), Total economy, Euro, Chain linked volume (rebased), , Calendar and seasonally adjusted data",4D0,,,2,,,C,2015,,,,S,"Gross domestic product at market prices, volume",,6,
MNA.Q.Y.I9.W2.S1.S1.B.B1GQ._Z._Z._Z.EUR.LR.N,Q,Y,I9,W2,S1,S1,B,B1GQ,_Z,_Z,_Z,EUR,LR,N,2019-Q1,3082307.14146633,A,F,,,,P3M,"Gross domestic product at market prices - Euro area 20 (fixed composition) as of 1 January 2023 - Domestic (home or reference area), Total economy, Euro, Chain linked volume (rebased), , Calendar and seasonally adjusted data",4D0,,,2,,,C,2015,,,,S,"Gross domestic product at market prices, volume",,6,
MNA.Q.Y.I9.W2.S1.S1.B.B1GQ._Z._Z._Z.EUR.LR.N,Q,Y,I9,W2,S1,S1,B,B1GQ,_Z,_Z,_Z,EUR,LR,N,2019-Q2,3092660.07342542,A,F,,,,P3M,"Gross domestic product at market prices - Euro area 20 (fixed composition) as of 1 January 2023 - Domestic (home or reference area), Total economy, Euro, Chain linked volume (rebased), , Calendar and seasonally adjusted data",4D0,,,2,,,C,2015,,,,S,"Gross domestic product at market prices, volume",,6,
MNA.Q.Y.I9.W2.S1.S1.B.B1GQ._Z._Z._Z.EUR.LR.N,Q,Y,I9,W2,S1,S1,B,B1GQ,_Z,_Z,_Z,EUR,LR,N,2019-Q3,3099291.68433246,A,F,,,,P3M,"Gross domestic product at market prices - Euro area 20 (fixed composition) as of 1 January 2023 - Domestic (home or reference area), Total economy, Euro, Chain linked volume (rebased), , Calendar and seasonally adjusted data",4D0,,,2,,,C,2015,,,,S,"Gross domestic product at market prices, volume",,6,
MNA.Q.Y.I9.W2.S1.S1.B.B1GQ._Z._Z._Z.EUR.LR.N,Q,Y,I9,W2,S1,S1,B,B1GQ,_Z,_Z,_Z,EUR,LR,N,2019-Q4,3095509.73874802,A,F,,,,P3M,"Gross domestic product at market prices - Euro area 20 (fixed composition) as of 1 January 2023 - Domestic (home or reference area), Total economy, Euro, Chain linked volume (rebased), , Calendar and seasonally adjusted data",4D0,,,2,,,C,2015,,,,S,"Gross domestic product at market prices, volume",,6,
MNA.Q.Y.I9.W2.S1.S1.B.B1GQ._Z._Z._Z.EUR.LR.N,Q,Y,I9,W2,S1,S1,B,B1GQ,_Z,_Z,_Z,EUR,LR,N,2020-Q1,2996366.162073,A,F,,,,P3M,"Gross domestic product at market prices - Euro area 20 (fixed composition) as of 1 January 2023 - Domestic (home or reference area), Total economy, Euro, Chain linked volume (rebased), , Calendar and seasonally adjusted data",4D0,,,2,,,C,2015,,,,S,"Gross domestic product at market prices, volume",,6,
MNA.Q.Y.I9.W2.S1.S1.B.B1GQ._Z._Z._Z.EUR.LR.N,Q,Y,I9,W2,S1,S1,B,B1GQ,_Z,_Z,_Z,EUR,LR,N,2020-Q2,2662371.48654496,A,F,,,,P3M,"Gross domestic product at market prices - Euro area 20 (fixed composition) as of 1 January 2023 - Domestic (home or reference area), Total economy, Euro, Chain linked volume (rebased), , Calendar and seasonally adjusted data",4D0,,,2,,,C,2015,,,,S,"Gross domestic product at market prices, volume",,6,
MNA.Q.Y.I9.W2.S1.S1.B.B1GQ._Z._Z._Z.EUR.LR.N,Q,Y,I9,W2,S1,S1,B,B1GQ,_Z,_Z,_Z,EUR,LR,N,2020-Q3,2969540.64072083,A,F,,,,P3M,"Gross domestic product at market prices - Euro area 20 (fixed composition) as of 1 January 2023 - Domestic (home or reference area), Total economy, Euro, Chain linked volume (rebased), , Calendar and seasonally adjusted data",4D0,,,2,,,C,2015,,,,S,"Gross domestic product at market prices, volume",,6,
MNA.Q.Y.I9.W2.S1.S1.B.B1GQ._Z._Z._Z.EUR.LR.N,Q,Y,I9,W2,S1,S1,B,B1GQ,_Z,_Z,_Z,EUR,LR,N,2020-Q4,2978873.52878801,A,F,,,,P3M,"Gross domestic product at market prices - Euro area 20 (fixed composition) as of 1 January 2023 - Domestic (home or reference area), Total economy, Euro, Chain linked volume (rebased), , Calendar and seasonally adjusted data",4D0,,,2,,,C,2015,,,,S,"Gross domestic product at market prices, volume",,6,
MNA.Q.Y.I9.W2.S1.S1.B.B1GQ._Z._Z._Z.EUR.LR.N,Q,Y,I9,W2,S1,S1,B,B1GQ,_Z,_Z,_Z,EUR,LR,N,2021-Q1,3003980.08759539,A,F,,,,P3M,"Gross domestic product at market prices - Euro area 20 (fixed composition) as of 1 January 2023 - Domestic (home or reference area), Total economy, Euro, Chain linked volume (rebased), , Calendar and seasonally adjusted data",4D0,,,2,,,C,2015,,,,S,"Gross domestic product at market prices, volume",,6,
MNA.Q.Y.I9.W2.S1.S1.B.B1GQ._Z._Z._Z.EUR.LR.N,Q,Y,I9,W2,S1,S1,B,B1GQ,_Z,_Z,_Z,EUR,LR,N,2021-Q2,3068811.87962135,A,F,,,,P3M,"Gross domestic product at market prices - Euro area 20 (fixed composition) as of 1 January 2023 - Domestic (home or reference area), Total economy, Euro, Chain linked volume (rebased), , Calendar and seasonally adjusted data",4D0,,,2,,,C,2015,,,,S,"Gross domestic product at market prices, volume",,6,
MNA.Q.Y.I9.W2.S1.S1.B.B1GQ._Z._Z._Z.EUR.LR.N,Q,Y,I9,W2,S1,S1,B,B1GQ,_Z,_Z,_Z,EUR,LR,N,2021-Q3,3124570.17864159,A,F,,,,P3M,"Gross domestic product at market prices - Euro area 20 (fixed composition) as of 1 January 2023 - Domestic (home or reference area), Total economy, Euro, Chain linked volume (rebased), , Calendar and seasonally adjusted data",4D0,,,2,,,C,2015,,,,S,"Gross domestic product at market prices, volume",,6,
MNA.Q.Y.I9.W2.S1.S1.B.B1GQ._Z._Z._Z.EUR.LR.N,Q,Y,I9,W2,S1,S1,B,B1GQ,_Z,_Z,_Z,EUR,LR,N,2021-Q4,3147599.31940351,A,F,,,,P3M,"Gross domestic product at market prices - Euro area 20 (fixed composition) as of 1 January 2023 - Domestic (home or reference area), Total economy, Euro, Chain linked volume (rebased), , Calendar and seasonally adjusted data",4D0,,,2,,,C,2015,,,,S,"Gross domestic product at market prices, volume",,6,
MNA.Q.Y.I9.W2.S1.S1.B.B1GQ._Z._Z._Z.EUR.LR.N,Q,Y,I9,W2,S1,S1,B,B1GQ,_Z,_Z,_Z,EUR,LR,N,2022-Q1,3170556.92922838,A,F,,,,P3M,"Gross domestic product at market prices - Euro area 20 (fixed composition) as of 1 January 2023 - Domestic (home or reference area), Total economy, Euro, Chain linked volume (rebased), , Calendar and seasonally adjusted data",4D0,,,2,,,C,2015,,,,S,"Gross domestic product at market prices, volume",,6,
MNA.Q.Y.I9.W2.S1.S1.B.B1GQ._Z._Z._Z.EUR.LR.N,Q,Y,I9,W2,S1,S1,B,B1GQ,_Z,_Z,_Z,EUR,LR,N,2022-Q2,3200730.82790199,A,F,,,,P3M,"Gross domestic product at market prices - Euro area 20 (fixed composition) as of 1 January 2023 - Domestic (home or reference area), Total economy, Euro, Chain linked volume (rebased), , Calendar and seasonally adjusted data",4D0,,,2,,,C,2015,,,,S,"Gross domestic product at market prices, volume",,6,
MNA.Q.Y.I9.W2.S1.S1.B.B1GQ._Z._Z._Z.EUR.LR.N,Q,Y,I9,W2,S1,S1,B,B1GQ,_Z,_Z,_Z,EUR,LR,N,2022-Q3,3217797.8958604,A,F,,,,P3M,"Gross domestic product at market prices - Euro area 20 (fixed composition) as of 1 January 2023 - Domestic (home or reference area), Total economy, Euro, Chain linked volume (rebased), , Calendar and seasonally adjusted data",4D0,,,2,,,C,2015,,,,S,"Gross domestic product at market prices, volume",,6,
MNA.Q.Y.I9.W2.S1.S1.B.B1GQ._Z._Z._Z.EUR.LR.N,Q,Y,I9,W2,S1,S1,B,B1GQ,_Z,_Z,_Z,EUR,LR,N,2022-Q4,3215698.20050631,A,F,,,,P3M,"Gross domestic product at market prices - Euro area 20 (fixed composition) as of 1 January 2023 - Domestic (home or reference area), Total economy, Euro, Chain linked volume (rebased), , Calendar and seasonally adjusted data",4D0,,,2,,,C,2015,,,,S,"Gross domestic product at market prices, volume",,6,
MNA.Q.Y.I9.W2.S1.S1.B.B1GQ._Z._Z._Z.EUR.LR.N,Q,Y,I9,W2,S1,S1,B,B1GQ,_Z,_Z,_Z,EUR,LR,N,2023-Q1,3211545.73032886,A,F,,,,P3M,"Gross domestic product at market prices - Euro area 20 (fixed composition) as of 1 January 2023 - Domestic (home or reference area), Total economy, Euro, Chain linked volume (rebased), , Calendar and seasonally adjusted data",4D0,,,2,,,C,2015,,,,S,"Gross domestic product at market prices, volume",,6,
MNA.Q.Y.I9.W2.S1.S1.B.B1GQ._Z._Z._Z.EUR.LR.N,Q,Y,I9,W2,S1,S1,B,B1GQ,_Z,_Z,_Z,EUR,LR,N,2023-Q2,3218434.55335667,A,F,,,,P3M,"Gross domestic product at market prices - Euro area 20 (fixed composition) as of 1 January 2023 - Domestic (home or reference area), Total economy, Euro, Chain linked volume (rebased), , Calendar and seasonally adjusted data",4D0,,,2,,,C,2015,,,,S,"Gross domestic product at market prices, volume",,6,
MNA.Q.Y.I9.W2.S1.S1.B.B1GQ._Z._Z._Z.EUR.LR.N,Q,Y,I9,W2,S1,S1,B,B1GQ,_Z,_Z,_Z,EUR,LR,N,2023-Q3,3222771.45428201,A,F,,,,P3M,"Gross domestic product at market prices - Euro area 20 (fixed composition) as of 1 January 2023 - Domestic (home or reference area), Total economy, Euro, Chain linked volume (rebased), , Calendar and seasonally adjusted data",4D0,,,2,,,C,2015,,,,S,"Gross domestic product at market prices, volume",,6,
MNA.Q.Y.I9.W2.S1.S1.B.B1GQ._Z._Z._Z.EUR.LR.N,Q,Y,I9,W2,S1,S1,B,B1GQ,_Z,_Z,_Z,EUR,LR,N,2023-Q4,3223108.73696107,A,F,,,,P3M,"Gross domestic product at market prices - Euro area 20 (fixed composition) as of 1 January 2023 - Domestic (home or reference area), Total economy, Euro, Chain linked volume (rebased), , Calendar and seasonally adjusted data",4D0,,,2,,,C,2015,,,,S,"Gross domestic product at market prices, volume",,6,
MNA.Q.Y.I9.W2.S1.S1.B.B1GQ._Z._Z._Z.EUR.LR.N,Q,Y,I9,W2,S1,S1,B,B1GQ,_Z,_Z,_Z,EUR,LR,N,2024-Q1,3234141.66758827,A,F,,,,P3M,"Gross domestic product at market prices - Euro area 20 (fixed composition) as of 1 January 2023 - Domestic (home or reference area), Total economy, Euro, Chain linked volume (rebased), , Calendar and seasonally adjusted data",4D0,,,2,,,C,2015,,,,S,"Gross domestic product at market prices, volume",,6,
MNA.Q.Y.I9.W2.S1.S1.B.B1GQ._Z._Z._Z.EUR.LR.N,Q,Y,I9,W2,S1,S1,B,B1GQ,_Z,_Z,_Z,EUR,LR,N,2024-Q2,3240995.40994482,A,F,,,,P3M,"Gross domestic product at market prices - Euro area 20 (fixed composition) as of 1 January 2023 - Domestic (home or reference area), Total economy, Euro, Chain linked volume (rebased), , Calendar and seasonally adjusted data",4D0,,,2,,,C,2015,,,,S,"Gross domestic product at market prices, volume",,6,
MNA.Q.Y.I9.W2.S1.S1.B.B1GQ._Z._Z._Z.EUR.LR.N,Q,Y,I9,W2,S1,S1,B,B1GQ,_Z,_Z,_Z,EUR,LR,N,2024-Q3,3257252.12177242,A,F,,,,P3M,"Gross domestic product at market prices - Euro area 20 (fixed composition) as of 1 January 2023 - Domestic (home or reference area), Total economy, Euro, Chain linked volume (rebased), , Calendar and seasonally adjusted data",4D0,,,2,,,C,2015,,,,S,"Gross domestic product at market prices, volume",,6,
MNA.Q.Y.I9.W2.S1.S1.B.B1GQ._Z._Z._Z.EUR.LR.N,Q,Y,I9,W2,S1,S1,B,B1GQ,_Z,_Z,_Z,EUR,LR,N,2024-Q4,3266893.03240667,A,F,,,,P3M,"Gross domestic product at market prices - Euro area 20 (fixed composition) as of 1 January 2023 - Domestic (home or reference area), Total economy, Euro, Chain linked volume (rebased), , Calendar and seasonally adjusted data",4D0,,,2,,,C,2015,,,,S,"Gross domestic product at market prices, volume",,6,
MNA.Q.Y.I9.W2.S1.S1.B.B1GQ._Z._Z._Z.EUR.LR.N,Q,Y,I9,W2,S1,S1,B,B1GQ,_Z,_Z,_Z,EUR,LR,N,2025-Q1,3285474.75596259,A,F,,,,P3M,"Gross domestic product at market prices - Euro area 20 (fixed composition) as of 1 January 2023 - Domestic (home or reference area), Total economy, Euro, Chain linked volume (rebased), , Calendar and seasonally adjusted data",4D0,,,2,,,C,2015,,,,S,"Gross domestic product at market prices, volume",,6,
MNA.Q.Y.I9.W2.S1.S1.B.B1GQ._Z._Z._Z.EUR.LR.N,Q,Y,I9,W2,S1,S1,B,B1GQ,_Z,_Z,_Z,EUR,LR,N,2025-Q2,3285054.85385843,A,F,,,,P3M,"Gross domestic product at market prices - Euro area 20 (fixed composition) as of 1 January 2023 - Domestic (home or reference area), Total economy, Euro, Chain linked volume (rebased), , Calendar and seasonally adjusted data",4D0,,,2,,,C,2015,,,,S,"Gross domestic product at market prices, volume",,6,
MNA.Q.Y.I9.W2.S1.S1.B.B1GQ._Z._Z._Z.EUR.LR.N,Q,Y,I9,W2,S1,S1,B,B1GQ,_Z,_Z,_Z,EUR,LR,N,2025-Q3,3295317.45435817,A,F,,,,P3M,"Gross domestic product at market prices - Euro area 20 (fixed composition) as of 1 January 2023 - Domestic (home or reference area), Total economy, Euro, Chain linked volume (rebased), , Calendar and seasonally adjusted data",4D0,,,2,,,C,2015,,,,S,"Gross domestic product at market prices, volume",,6,
MNA.Q.Y.I9.W2.S1.S1.B.B1GQ._Z._Z._Z.EUR.LR.N,Q,Y,I9,W2,S1,S1,B,B1GQ,_Z,_Z,_Z,EUR,LR,N,2025-Q4,3301714.3375536,A,F,,,,P3M,"Gross domestic product at market prices - Euro area 20 (fixed composition) as of 1 January 2023 - Domestic (home or reference area), Total economy, Euro, Chain linked volume (rebased), , Calendar and seasonally adjusted data",4D0,,,2,,,C,2015,,,,S,"Gross domestic product at market prices, volume",,6,
MNA.Q.Y.I9.W2.S1.S1.B.B1GQ._Z._Z._Z.EUR.LR.N,Q,Y,I9,W2,S1,S1,B,B1GQ,_Z,_Z,_Z,EUR,LR,N,2026-Q1,3301538.52071802,A,F,,,,P3M,"Gross domestic product at market prices - Euro area 20 (fixed composition) as of 1 January 2023 - Domestic (home or reference area), Total economy, Euro, Chain linked volume (rebased), , Calendar and seasonally adjusted data",4D0,,,2,,,C,2015,,,,S,"Gross domestic product at market prices, volume",,6,
