STRUCTURE[;],STRUCTURE_ID,ACTION,COUNTRY,INDICATOR,WGT_TYPE,FREQUENCY,TIME_PERIOD,OBS_VALUE,SCALE,PRECISION,DECIMALS_DISPLAYED,INDEX_TYPE,CTOT_TRANSFORMATION,UNIT,DERIVATION_TYPE,OVERLAP,REFERENCE_PERIOD,COVERAGE_PERIOD
dataflow,IMF.RES:CTOT(5.0.1),R,KAZ,CEMPI_CTOTNX_TT,R_FW_IX,M,1992-M01,39.2607002258301,0,0,10,,,,SC,OL,,
dataflow,IMF.RES:CTOT(5.0.1),R,KAZ,CEMPI_CTOTNX_TT,R_FW_IX,M,1992-M02,39.7259254455566,0,0,10,,,,SC,OL,,
dataflow,IMF.RES:CTOT(5.0.1),R,KAZ,CEMPI_CTOTNX_TT,R_FW_IX,M,1992-M03,39.5481872558594,0,0,10,,,,SC,OL,,
dataflow,IMF.RES:CTOT(5.0.1),R,KAZ,CEMPI_CTOTNX_TT,R_FW_IX,M,1992-M04,40.834114074707,0,0,10,,,,SC,OL,,
dataflow,IMF.RES:CTOT(5.0.1),R,KAZ,CEMPI_CTOTNX_TT,R_FW_IX,M,1992-M05,41.8650779724121,0,0,10,,,,SC,OL,,
dataflow,IMF.RES:CTOT(5.0.1),R,KAZ,CEMPI_CTOTNX_TT,R_FW_IX,M,1992-M06,43.4813041687012,0,0,10,,,,SC,OL,,
dataflow,IMF.RES:CTOT(5.0.1),R,KAZ,CEMPI_CTOTNX_TT,R_FW_IX,M,1992-M07,42.9653930664063,0,0,10,,,,SC,OL,,
dataflow,IMF.RES:CTOT(5.0.1),R,KAZ,CEMPI_CTOTNX_TT,R_FW_IX,M,1992-M08,42.2987213134766,0,0,10,,,,SC,OL,,
dataflow,IMF.RES:CTOT(5.0.1),R,KAZ,CEMPI_CTOTNX_TT,R_FW_IX,M,1992-M09,42.9680480957031,0,0,10,,,,SC,OL,,
dataflow,IMF.RES:CTOT(5.0.1),R,KAZ,CEMPI_CTOTNX_TT,R_FW_IX,M,1992-M10,42.3831596374512,0,0,10,,,,SC,OL,,
dataflow,IMF.RES:CTOT(5.0.1),R,KAZ,CEMPI_CTOTNX_TT,R_FW_IX,M,1992-M11,40.829402923584,0,0,10,,,,SC,OL,,
dataflow,IMF.RES:CTOT(5.0.1),R,KAZ,CEMPI_CTOTNX_TT,R_FW_IX,M,1992-M12,39.9320983886719,0,0,10,,,,SC,OL,,
dataflow,IMF.RES:CTOT(5.0.1),R,KAZ,CEMPI_CTOTNX_TT,R_FW_IX,M,1993-M01,39.1727180480957,0,0,10,,,,SC,OL,,
dataflow,IMF.RES:CTOT(5.0.1),R,KAZ,CEMPI_CTOTNX_TT,R_FW_IX,M,1993-M02,39.8649559020996,0,0,10,,,,SC,OL,,
dataflow,IMF.RES:CTOT(5.0.1),R,KAZ,CEMPI_CTOTNX_TT,R_FW_IX,M,1993-M03,39.9735069274902,0,0,10,,,,SC,OL,,
dataflow,IMF.RES:CTOT(5.0.1),R,KAZ,CEMPI_CTOTNX_TT,R_FW_IX,M,1993-M04,39.5581130981445,0,0,10,,,,SC,OL,,
dataflow,IMF.RES:CTOT(5.0.1),R,KAZ,CEMPI_CTOTNX_TT,R_FW_IX,M,1993-M05,38.839241027832,0,0,10,,,,SC,OL,,
dataflow,IMF.RES:CTOT(5.0.1),R,KAZ,CEMPI_CTOTNX_TT,R_FW_IX,M,1993-M06,37.8665390014648,0,0,10,,,,SC,OL,,
dataflow,IMF.RES:CTOT(5.0.1),R,KAZ,CEMPI_CTOTNX_TT,R_FW_IX,M,1993-M07,36.7370071411133,0,0,10,,,,SC,OL,,
dataflow,IMF.RES:CTOT(5.0.1),R,KAZ,CEMPI_CTOTNX_TT,R_FW_IX,M,1993-M08,36.975269317627,0,0,10,,,,SC,OL,,
dataflow,IMF.RES:CTOT(5.0.1),R,KAZ,CEMPI_CTOTNX_TT,R_FW_IX,M,1993-M09,36.0780029296875,0,0,10,,,,SC,OL,,
dataflow,IMF.RES:CTOT(5.0.1),R,KAZ,CEMPI_CTOTNX_TT,R_FW_IX,M,1993-M10,36.3732147216797,0,0,10,,,,SC,OL,,
dataflow,IMF.RES:CTOT(5.0.1),R,KAZ,CEMPI_CTOTNX_TT,R_FW_IX,M,1993-M11,35.0736351013184,0,0,10,,,,SC,OL,,
dataflow,IMF.RES:CTOT(5.0.1),R,KAZ,CEMPI_CTOTNX_TT,R_FW_IX,M,1993-M12,33.1980018615723,0,0,10,,,,SC,OL,,
dataflow,IMF.RES:CTOT(5.0.1),R,KAZ,CEMPI_CTOTNX_TT,R_FW_IX,M,1994-M01,34.1785354614258,0,0,10,,,,SC,OL,,
dataflow,IMF.RES:CTOT(5.0.1),R,KAZ,CEMPI_CTOTNX_TT,R_FW_IX,M,1994-M02,33.7805557250977,0,0,10,,,,SC,OL,,
dataflow,IMF.RES:CTOT(5.0.1),R,KAZ,CEMPI_CTOTNX_TT,R_FW_IX,M,1994-M03,33.2593688964844,0,0,10,,,,SC,OL,,
dataflow,IMF.RES:CTOT(5.0.1),R,KAZ,CEMPI_CTOTNX_TT,R_FW_IX,M,1994-M04,35.0589828491211,0,0,10,,,,SC,OL,,
dataflow,IMF.RES:CTOT(5.0.1),R,KAZ,CEMPI_CTOTNX_TT,R_FW_IX,M,1994-M05,37.0792198181152,0,0,10,,,,SC,OL,,
dataflow,IMF.RES:CTOT(5.0.1),R,KAZ,CEMPI_CTOTNX_TT,R_FW_IX,M,1994-M06,38.4976119995117,0,0,10,,,,SC,OL,,
dataflow,IMF.RES:CTOT(5.0.1),R,KAZ,CEMPI_CTOTNX_TT,R_FW_IX,M,1994-M07,39.4173736572266,0,0,10,,,,SC,OL,,
dataflow,IMF.RES:CTOT(5.0.1),R,KAZ,CEMPI_CTOTNX_TT,R_FW_IX,M,1994-M08,38.2125358581543,0,0,10,,,,SC,OL,,
dataflow,IMF.RES:CTOT(5.0.1),R,KAZ,CEMPI_CTOTNX_TT,R_FW_IX,M,1994-M09,37.5388374328613,0,0,10,,,,SC,OL,,
dataflow,IMF.RES:CTOT(5.0.1),R,KAZ,CEMPI_CTOTNX_TT,R_FW_IX,M,1994-M10,38.0546798706055,0,0,10,,,,SC,OL,,
dataflow,IMF.RES:CTOT(5.0.1),R,KAZ,CEMPI_CTOTNX_TT,R_FW_IX,M,1994-M11,39.0509986877441,0,0,10,,,,SC,OL,,
dataflow,IMF.RES:CTOT(5.0.1),R,KAZ,CEMPI_CTOTNX_TT,R_FW_IX,M,1994-M12,38.2233238220215,0,0,10,,,,SC,OL,,
dataflow,IMF.RES:CTOT(5.0.1),R,KAZ,CEMPI_CTOTNX_TT,R_FW_IX,M,1995-M01,39.0154571533203,0,0,10,,,,SC,OL,,
dataflow,IMF.RES:CTOT(5.0.1),R,KAZ,CEMPI_CTOTNX_TT,R_FW_IX,M,1995-M02,39.2465896606445,0,0,10,,,,SC,OL,,
dataflow,IMF.RES:CTOT(5.0.1),R,KAZ,CEMPI_CTOTNX_TT,R_FW_IX,M,1995-M03,39.0514907836914,0,0,10,,,,SC,OL,,
dataflow,IMF.RES:CTOT(5.0.1),R,KAZ,CEMPI_CTOTNX_TT,R_FW_IX,M,1995-M04,40.430850982666,0,0,10,,,,SC,OL,,
dataflow,IMF.RES:CTOT(5.0.1),R,KAZ,CEMPI_CTOTNX_TT,R_FW_IX,M,1995-M05,40.1833534240723,0,0,10,,,,SC,OL,,
dataflow,IMF.RES:CTOT(5.0.1),R,KAZ,CEMPI_CTOTNX_TT,R_FW_IX,M,1995-M06,39.0864410400391,0,0,10,,,,SC,OL,,
dataflow,IMF.RES:CTOT(5.0.1),R,KAZ,CEMPI_CTOTNX_TT,R_FW_IX,M,1995-M07,37.917667388916,0,0,10,,,,SC,OL,,
dataflow,IMF.RES:CTOT(5.0.1),R,KAZ,CEMPI_CTOTNX_TT,R_FW_IX,M,1995-M08,38.1360626220703,0,0,10,,,,SC,OL,,
dataflow,IMF.RES:CTOT(5.0.1),R,KAZ,CEMPI_CTOTNX_TT,R_FW_IX,M,1995-M09,38.2887802124023,0,0,10,,,,SC,OL,,
dataflow,IMF.RES:CTOT(5.0.1),R,KAZ,CEMPI_CTOTNX_TT,R_FW_IX,M,1995-M10,37.4518966674805,0,0,10,,,,SC,OL,,
dataflow,IMF.RES:CTOT(5.0.1),R,KAZ,CEMPI_CTOTNX_TT,R_FW_IX,M,1995-M11,38.4494590759277,0,0,10,,,,SC,OL,,
dataflow,IMF.RES:CTOT(5.0.1),R,KAZ,CEMPI_CTOTNX_TT,R_FW_IX,M,1995-M12,39.8261299133301,0,0,10,,,,SC,OL,,
dataflow,IMF.RES:CTOT(5.0.1),R,KAZ,CEMPI_CTOTNX_TT,R_FW_IX,M,1996-M01,39.0816192626953,0,0,10,,,,SC,OL,,
dataflow,IMF.RES:CTOT(5.0.1),R,KAZ,CEMPI_CTOTNX_TT,R_FW_IX,M,1996-M02,38.8405799865723,0,0,10,,,,SC,OL,,
dataflow,IMF.RES:CTOT(5.0.1),R,KAZ,CEMPI_CTOTNX_TT,R_FW_IX,M,1996-M03,40.6334953308106,0,0,10,,,,SC,OL,,
dataflow,IMF.RES:CTOT(5.0.1),R,KAZ,CEMPI_CTOTNX_TT,R_FW_IX,M,1996-M04,42.4724349975586,0,0,10,,,,SC,OL,,
dataflow,IMF.RES:CTOT(5.0.1),R,KAZ,CEMPI_CTOTNX_TT,R_FW_IX,M,1996-M05,40.9335594177246,0,0,10,,,,SC,OL,,
dataflow,IMF.RES:CTOT(5.0.1),R,KAZ,CEMPI_CTOTNX_TT,R_FW_IX,M,1996-M06,39.4840240478516,0,0,10,,,,SC,OL,,
dataflow,IMF.RES:CTOT(5.0.1),R,KAZ,CEMPI_CTOTNX_TT,R_FW_IX,M,1996-M07,39.8413391113281,0,0,10,,,,SC,OL,,
dataflow,IMF.RES:CTOT(5.0.1),R,KAZ,CEMPI_CTOTNX_TT,R_FW_IX,M,1996-M08,40.5624732971191,0,0,10,,,,SC,OL,,
dataflow,IMF.RES:CTOT(5.0.1),R,KAZ,CEMPI_CTOTNX_TT,R_FW_IX,M,1996-M09,42.3019752502441,0,0,10,,,,SC,OL,,
dataflow,IMF.RES:CTOT(5.0.1),R,KAZ,CEMPI_CTOTNX_TT,R_FW_IX,M,1996-M10,43.6563720703125,0,0,10,,,,SC,OL,,
dataflow,IMF.RES:CTOT(5.0.1),R,KAZ,CEMPI_CTOTNX_TT,R_FW_IX,M,1996-M11,43.3275604248047,0,0,10,,,,SC,OL,,
dataflow,IMF.RES:CTOT(5.0.1),R,KAZ,CEMPI_CTOTNX_TT,R_FW_IX,M,1996-M12,44.6079292297363,0,0,10,,,,SC,OL,,
dataflow,IMF.RES:CTOT(5.0.1),R,KAZ,CEMPI_CTOTNX_TT,R_FW_IX,M,1997-M01,44.7403602600098,0,0,10,,,,SC,OL,,
dataflow,IMF.RES:CTOT(5.0.1),R,KAZ,CEMPI_CTOTNX_TT,R_FW_IX,M,1997-M02,41.9980430603027,0,0,10,,,,SC,OL,,
dataflow,IMF.RES:CTOT(5.0.1),R,KAZ,CEMPI_CTOTNX_TT,R_FW_IX,M,1997-M03,41.049201965332,0,0,10,,,,SC,OL,,
dataflow,IMF.RES:CTOT(5.0.1),R,KAZ,CEMPI_CTOTNX_TT,R_FW_IX,M,1997-M04,39.540412902832,0,0,10,,,,SC,OL,,
dataflow,IMF.RES:CTOT(5.0.1),R,KAZ,CEMPI_CTOTNX_TT,R_FW_IX,M,1997-M05,41.4342231750488,0,0,10,,,,SC,OL,,
dataflow,IMF.RES:CTOT(5.0.1),R,KAZ,CEMPI_CTOTNX_TT,R_FW_IX,M,1997-M06,39.6856307983398,0,0,10,,,,SC,OL,,
dataflow,IMF.RES:CTOT(5.0.1),R,KAZ,CEMPI_CTOTNX_TT,R_FW_IX,M,1997-M07,39.926700592041,0,0,10,,,,SC,OL,,
dataflow,IMF.RES:CTOT(5.0.1),R,KAZ,CEMPI_CTOTNX_TT,R_FW_IX,M,1997-M08,40.3818511962891,0,0,10,,,,SC,OL,,
dataflow,IMF.RES:CTOT(5.0.1),R,KAZ,CEMPI_CTOTNX_TT,R_FW_IX,M,1997-M09,40.2847137451172,0,0,10,,,,SC,OL,,
dataflow,IMF.RES:CTOT(5.0.1),R,KAZ,CEMPI_CTOTNX_TT,R_FW_IX,M,1997-M10,41.5362396240234,0,0,10,,,,SC,OL,,
dataflow,IMF.RES:CTOT(5.0.1),R,KAZ,CEMPI_CTOTNX_TT,R_FW_IX,M,1997-M11,40.2080116271973,0,0,10,,,,SC,OL,,
dataflow,IMF.RES:CTOT(5.0.1),R,KAZ,CEMPI_CTOTNX_TT,R_FW_IX,M,1997-M12,37.5777893066406,0,0,10,,,,SC,OL,,
dataflow,IMF.RES:CTOT(5.0.1),R,KAZ,CEMPI_CTOTNX_TT,R_FW_IX,M,1998-M01,35.1467247009277,0,0,10,,,,SC,OL,,
dataflow,IMF.RES:CTOT(5.0.1),R,KAZ,CEMPI_CTOTNX_TT,R_FW_IX,M,1998-M02,33.9692802429199,0,0,10,,,,SC,OL,,
dataflow,IMF.RES:CTOT(5.0.1),R,KAZ,CEMPI_CTOTNX_TT,R_FW_IX,M,1998-M03,33.0854225158691,0,0,10,,,,SC,OL,,
dataflow,IMF.RES:CTOT(5.0.1),R,KAZ,CEMPI_CTOTNX_TT,R_FW_IX,M,1998-M04,33.7359275817871,0,0,10,,,,SC,OL,,
dataflow,IMF.RES:CTOT(5.0.1),R,KAZ,CEMPI_CTOTNX_TT,R_FW_IX,M,1998-M05,33.9804458618164,0,0,10,,,,SC,OL,,
dataflow,IMF.RES:CTOT(5.0.1),R,KAZ,CEMPI_CTOTNX_TT,R_FW_IX,M,1998-M06,32.3620948791504,0,0,10,,,,SC,OL,,
dataflow,IMF.RES:CTOT(5.0.1),R,KAZ,CEMPI_CTOTNX_TT,R_FW_IX,M,1998-M07,32.3487701416016,0,0,10,,,,SC,OL,,
dataflow,IMF.RES:CTOT(5.0.1),R,KAZ,CEMPI_CTOTNX_TT,R_FW_IX,M,1998-M08,31.5776138305664,0,0,10,,,,SC,OL,,
dataflow,IMF.RES:CTOT(5.0.1),R,KAZ,CEMPI_CTOTNX_TT,R_FW_IX,M,1998-M09,33.4456558227539,0,0,10,,,,SC,OL,,
dataflow,IMF.RES:CTOT(5.0.1),R,KAZ,CEMPI_CTOTNX_TT,R_FW_IX,M,1998-M10,32.8431205749512,0,0,10,,,,SC,OL,,
dataflow,IMF.RES:CTOT(5.0.1),R,KAZ,CEMPI_CTOTNX_TT,R_FW_IX,M,1998-M11,31.0942516326904,0,0,10,,,,SC,OL,,
dataflow,IMF.RES:CTOT(5.0.1),R,KAZ,CEMPI_CTOTNX_TT,R_FW_IX,M,1998-M12,28.8551082611084,0,0,10,,,,SC,OL,,
dataflow,IMF.RES:CTOT(5.0.1),R,KAZ,CEMPI_CTOTNX_TT,R_FW_IX,M,1999-M01,29.9875221252441,0,0,10,,,,SC,OL,,
dataflow,IMF.RES:CTOT(5.0.1),R,KAZ,CEMPI_CTOTNX_TT,R_FW_IX,M,1999-M02,29.1596355438232,0,0,10,,,,SC,OL,,
dataflow,IMF.RES:CTOT(5.0.1),R,KAZ,CEMPI_CTOTNX_TT,R_FW_IX,M,1999-M03,32.4201850891113,0,0,10,,,,SC,OL,,
dataflow,IMF.RES:CTOT(5.0.1),R,KAZ,CEMPI_CTOTNX_TT,R_FW_IX,M,1999-M04,35.7593650817871,0,0,10,,,,SC,OL,,
dataflow,IMF.RES:CTOT(5.0.1),R,KAZ,CEMPI_CTOTNX_TT,R_FW_IX,M,1999-M05,36.2501106262207,0,0,10,,,,SC,OL,,
dataflow,IMF.RES:CTOT(5.0.1),R,KAZ,CEMPI_CTOTNX_TT,R_FW_IX,M,1999-M06,36.3136444091797,0,0,10,,,,SC,OL,,
dataflow,IMF.RES:CTOT(5.0.1),R,KAZ,CEMPI_CTOTNX_TT,R_FW_IX,M,1999-M07,39.4166412353516,0,0,10,,,,SC,OL,,
dataflow,IMF.RES:CTOT(5.0.1),R,KAZ,CEMPI_CTOTNX_TT,R_FW_IX,M,1999-M08,41.1036605834961,0,0,10,,,,SC,OL,,
dataflow,IMF.RES:CTOT(5.0.1),R,KAZ,CEMPI_CTOTNX_TT,R_FW_IX,M,1999-M09,43.7612152099609,0,0,10,,,,SC,OL,,
dataflow,IMF.RES:CTOT(5.0.1),R,KAZ,CEMPI_CTOTNX_TT,R_FW_IX,M,1999-M10,42.6216621398926,0,0,10,,,,SC,OL,,
dataflow,IMF.RES:CTOT(5.0.1),R,KAZ,CEMPI_CTOTNX_TT,R_FW_IX,M,1999-M11,44.8171730041504,0,0,10,,,,SC,OL,,
dataflow,IMF.RES:CTOT(5.0.1),R,KAZ,CEMPI_CTOTNX_TT,R_FW_IX,M,1999-M12,45.6612739562988,0,0,10,,,,SC,OL,,
dataflow,IMF.RES:CTOT(5.0.1),R,KAZ,CEMPI_CTOTNX_TT,R_FW_IX,M,2000-M01,46.3855438232422,0,0,10,,,,SC,OL,,
dataflow,IMF.RES:CTOT(5.0.1),R,KAZ,CEMPI_CTOTNX_TT,R_FW_IX,M,2000-M02,48.3023643493652,0,0,10,,,,SC,OL,,
dataflow,IMF.RES:CTOT(5.0.1),R,KAZ,CEMPI_CTOTNX_TT,R_FW_IX,M,2000-M03,48.2044982910156,0,0,10,,,,SC,OL,,
dataflow,IMF.RES:CTOT(5.0.1),R,KAZ,CEMPI_CTOTNX_TT,R_FW_IX,M,2000-M04,44.5350494384766,0,0,10,,,,SC,OL,,
dataflow,IMF.RES:CTOT(5.0.1),R,KAZ,CEMPI_CTOTNX_TT,R_FW_IX,M,2000-M05,48.3525085449219,0,0,10,,,,SC,OL,,
dataflow,IMF.RES:CTOT(5.0.1),R,KAZ,CEMPI_CTOTNX_TT,R_FW_IX,M,2000-M06,50.4112358093262,0,0,10,,,,SC,OL,,
dataflow,IMF.RES:CTOT(5.0.1),R,KAZ,CEMPI_CTOTNX_TT,R_FW_IX,M,2000-M07,49.0641136169434,0,0,10,,,,SC,OL,,
dataflow,IMF.RES:CTOT(5.0.1),R,KAZ,CEMPI_CTOTNX_TT,R_FW_IX,M,2000-M08,50.7329750061035,0,0,10,,,,SC,OL,,
dataflow,IMF.RES:CTOT(5.0.1),R,KAZ,CEMPI_CTOTNX_TT,R_FW_IX,M,2000-M09,53.5524101257324,0,0,10,,,,SC,OL,,
dataflow,IMF.RES:CTOT(5.0.1),R,KAZ,CEMPI_CTOTNX_TT,R_FW_IX,M,2000-M10,52.769344329834,0,0,10,,,,SC,OL,,
dataflow,IMF.RES:CTOT(5.0.1),R,KAZ,CEMPI_CTOTNX_TT,R_FW_IX,M,2000-M11,53.4521865844727,0,0,10,,,,SC,OL,,
dataflow,IMF.RES:CTOT(5.0.1),R,KAZ,CEMPI_CTOTNX_TT,R_FW_IX,M,2000-M12,47.8015060424805,0,0,10,,,,SC,OL,,
dataflow,IMF.RES:CTOT(5.0.1),R,KAZ,CEMPI_CTOTNX_TT,R_FW_IX,M,2001-M01,48.3113098144531,0,0,10,,,,SC,OL,,
dataflow,IMF.RES:CTOT(5.0.1),R,KAZ,CEMPI_CTOTNX_TT,R_FW_IX,M,2001-M02,49.4400253295898,0,0,10,,,,SC,OL,,
dataflow,IMF.RES:CTOT(5.0.1),R,KAZ,CEMPI_CTOTNX_TT,R_FW_IX,M,2001-M03,47.5267295837402,0,0,10,,,,SC,OL,,
dataflow,IMF.RES:CTOT(5.0.1),R,KAZ,CEMPI_CTOTNX_TT,R_FW_IX,M,2001-M04,48.1077690124512,0,0,10,,,,SC,OL,,
dataflow,IMF.RES:CTOT(5.0.1),R,KAZ,CEMPI_CTOTNX_TT,R_FW_IX,M,2001-M05,49.7801017761231,0,0,10,,,,SC,OL,,
dataflow,IMF.RES:CTOT(5.0.1),R,KAZ,CEMPI_CTOTNX_TT,R_FW_IX,M,2001-M06,49.1852340698242,0,0,10,,,,SC,OL,,
dataflow,IMF.RES:CTOT(5.0.1),R,KAZ,CEMPI_CTOTNX_TT,R_FW_IX,M,2001-M07,46.8006820678711,0,0,10,,,,SC,OL,,
dataflow,IMF.RES:CTOT(5.0.1),R,KAZ,CEMPI_CTOTNX_TT,R_FW_IX,M,2001-M08,47.4975776672363,0,0,10,,,,SC,OL,,
dataflow,IMF.RES:CTOT(5.0.1),R,KAZ,CEMPI_CTOTNX_TT,R_FW_IX,M,2001-M09,46.8340644836426,0,0,10,,,,SC,OL,,
dataflow,IMF.RES:CTOT(5.0.1),R,KAZ,CEMPI_CTOTNX_TT,R_FW_IX,M,2001-M10,42.4095993041992,0,0,10,,,,SC,OL,,
dataflow,IMF.RES:CTOT(5.0.1),R,KAZ,CEMPI_CTOTNX_TT,R_FW_IX,M,2001-M11,40.002613067627,0,0,10,,,,SC,OL,,
dataflow,IMF.RES:CTOT(5.0.1),R,KAZ,CEMPI_CTOTNX_TT,R_FW_IX,M,2001-M12,39.9603881835938,0,0,10,,,,SC,OL,,
dataflow,IMF.RES:CTOT(5.0.1),R,KAZ,CEMPI_CTOTNX_TT,R_FW_IX,M,2002-M01,41.0313835144043,0,0,10,,,,SC,OL,,
dataflow,IMF.RES:CTOT(5.0.1),R,KAZ,CEMPI_CTOTNX_TT,R_FW_IX,M,2002-M02,42.2104225158691,0,0,10,,,,SC,OL,,
dataflow,IMF.RES:CTOT(5.0.1),R,KAZ,CEMPI_CTOTNX_TT,R_FW_IX,M,2002-M03,46.2821044921875,0,0,10,,,,SC,OL,,
dataflow,IMF.RES:CTOT(5.0.1),R,KAZ,CEMPI_CTOTNX_TT,R_FW_IX,M,2002-M04,48.0850601196289,0,0,10,,,,SC,OL,,
dataflow,IMF.RES:CTOT(5.0.1),R,KAZ,CEMPI_CTOTNX_TT,R_FW_IX,M,2002-M05,48.2618217468262,0,0,10,,,,SC,OL,,
dataflow,IMF.RES:CTOT(5.0.1),R,KAZ,CEMPI_CTOTNX_TT,R_FW_IX,M,2002-M06,47.5331954956055,0,0,10,,,,SC,OL,,
dataflow,IMF.RES:CTOT(5.0.1),R,KAZ,CEMPI_CTOTNX_TT,R_FW_IX,M,2002-M07,48.7972526550293,0,0,10,,,,SC,OL,,
dataflow,IMF.RES:CTOT(5.0.1),R,KAZ,CEMPI_CTOTNX_TT,R_FW_IX,M,2002-M08,49.5416488647461,0,0,10,,,,SC,OL,,
dataflow,IMF.RES:CTOT(5.0.1),R,KAZ,CEMPI_CTOTNX_TT,R_FW_IX,M,2002-M09,51.4224472045898,0,0,10,,,,SC,OL,,
dataflow,IMF.RES:CTOT(5.0.1),R,KAZ,CEMPI_CTOTNX_TT,R_FW_IX,M,2002-M10,50.8425102233887,0,0,10,,,,SC,OL,,
dataflow,IMF.RES:CTOT(5.0.1),R,KAZ,CEMPI_CTOTNX_TT,R_FW_IX,M,2002-M11,48.1963882446289,0,0,10,,,,SC,OL,,
dataflow,IMF.RES:CTOT(5.0.1),R,KAZ,CEMPI_CTOTNX_TT,R_FW_IX,M,2002-M12,51.2835464477539,0,0,10,,,,SC,OL,,
dataflow,IMF.RES:CTOT(5.0.1),R,KAZ,CEMPI_CTOTNX_TT,R_FW_IX,M,2003-M01,53.8668098449707,0,0,10,,,,SC,OL,,
dataflow,IMF.RES:CTOT(5.0.1),R,KAZ,CEMPI_CTOTNX_TT,R_FW_IX,M,2003-M02,56.2311935424805,0,0,10,,,,SC,OL,,
dataflow,IMF.RES:CTOT(5.0.1),R,KAZ,CEMPI_CTOTNX_TT,R_FW_IX,M,2003-M03,53.3302574157715,0,0,10,,,,SC,OL,,
dataflow,IMF.RES:CTOT(5.0.1),R,KAZ,CEMPI_CTOTNX_TT,R_FW_IX,M,2003-M04,48.4375457763672,0,0,10,,,,SC,OL,,
dataflow,IMF.RES:CTOT(5.0.1),R,KAZ,CEMPI_CTOTNX_TT,R_FW_IX,M,2003-M05,49.1116371154785,0,0,10,,,,SC,OL,,
dataflow,IMF.RES:CTOT(5.0.1),R,KAZ,CEMPI_CTOTNX_TT,R_FW_IX,M,2003-M06,50.6973114013672,0,0,10,,,,SC,OL,,
dataflow,IMF.RES:CTOT(5.0.1),R,KAZ,CEMPI_CTOTNX_TT,R_FW_IX,M,2003-M07,51.0673141479492,0,0,10,,,,SC,OL,,
dataflow,IMF.RES:CTOT(5.0.1),R,KAZ,CEMPI_CTOTNX_TT,R_FW_IX,M,2003-M08,52.3715972900391,0,0,10,,,,SC,OL,,
dataflow,IMF.RES:CTOT(5.0.1),R,KAZ,CEMPI_CTOTNX_TT,R_FW_IX,M,2003-M09,49.8229866027832,0,0,10,,,,SC,OL,,
dataflow,IMF.RES:CTOT(5.0.1),R,KAZ,CEMPI_CTOTNX_TT,R_FW_IX,M,2003-M10,52.1484298706055,0,0,10,,,,SC,OL,,
dataflow,IMF.RES:CTOT(5.0.1),R,KAZ,CEMPI_CTOTNX_TT,R_FW_IX,M,2003-M11,52.7064323425293,0,0,10,,,,SC,OL,,
dataflow,IMF.RES:CTOT(5.0.1),R,KAZ,CEMPI_CTOTNX_TT,R_FW_IX,M,2003-M12,54.1548843383789,0,0,10,,,,SC,OL,,
dataflow,IMF.RES:CTOT(5.0.1),R,KAZ,CEMPI_CTOTNX_TT,R_FW_IX,M,2004-M01,56.2298431396484,0,0,10,,,,SC,OL,,
dataflow,IMF.RES:CTOT(5.0.1),R,KAZ,CEMPI_CTOTNX_TT,R_FW_IX,M,2004-M02,56.6864585876465,0,0,10,,,,SC,OL,,
dataflow,IMF.RES:CTOT(5.0.1),R,KAZ,CEMPI_CTOTNX_TT,R_FW_IX,M,2004-M03,58.9356498718262,0,0,10,,,,SC,OL,,
dataflow,IMF.RES:CTOT(5.0.1),R,KAZ,CEMPI_CTOTNX_TT,R_FW_IX,M,2004-M04,58.9286727905273,0,0,10,,,,SC,OL,,
dataflow,IMF.RES:CTOT(5.0.1),R,KAZ,CEMPI_CTOTNX_TT,R_FW_IX,M,2004-M05,61.4958763122559,0,0,10,,,,SC,OL,,
dataflow,IMF.RES:CTOT(5.0.1),R,KAZ,CEMPI_CTOTNX_TT,R_FW_IX,M,2004-M06,59.5651473999023,0,0,10,,,,SC,OL,,
dataflow,IMF.RES:CTOT(5.0.1),R,KAZ,CEMPI_CTOTNX_TT,R_FW_IX,M,2004-M07,61.3392333984375,0,0,10,,,,SC,OL,,
dataflow,IMF.RES:CTOT(5.0.1),R,KAZ,CEMPI_CTOTNX_TT,R_FW_IX,M,2004-M08,63.8707122802734,0,0,10,,,,SC,OL,,
dataflow,IMF.RES:CTOT(5.0.1),R,KAZ,CEMPI_CTOTNX_TT,R_FW_IX,M,2004-M09,63.5417022705078,0,0,10,,,,SC,OL,,
dataflow,IMF.RES:CTOT(5.0.1),R,KAZ,CEMPI_CTOTNX_TT,R_FW_IX,M,2004-M10,67.8934326171875,0,0,10,,,,SC,OL,,
dataflow,IMF.RES:CTOT(5.0.1),R,KAZ,CEMPI_CTOTNX_TT,R_FW_IX,M,2004-M11,64.4693756103516,0,0,10,,,,SC,OL,,
dataflow,IMF.RES:CTOT(5.0.1),R,KAZ,CEMPI_CTOTNX_TT,R_FW_IX,M,2004-M12,61.7675666809082,0,0,10,,,,SC,OL,,
dataflow,IMF.RES:CTOT(5.0.1),R,KAZ,CEMPI_CTOTNX_TT,R_FW_IX,M,2005-M01,65.8051376342773,0,0,10,,,,SC,OL,,
dataflow,IMF.RES:CTOT(5.0.1),R,KAZ,CEMPI_CTOTNX_TT,R_FW_IX,M,2005-M02,66.7782135009766,0,0,10,,,,SC,OL,,
dataflow,IMF.RES:CTOT(5.0.1),R,KAZ,CEMPI_CTOTNX_TT,R_FW_IX,M,2005-M03,72.352424621582,0,0,10,,,,SC,OL,,
dataflow,IMF.RES:CTOT(5.0.1),R,KAZ,CEMPI_CTOTNX_TT,R_FW_IX,M,2005-M04,71.8239135742188,0,0,10,,,,SC,OL,,
dataflow,IMF.RES:CTOT(5.0.1),R,KAZ,CEMPI_CTOTNX_TT,R_FW_IX,M,2005-M05,69.1305618286133,0,0,10,,,,SC,OL,,
dataflow,IMF.RES:CTOT(5.0.1),R,KAZ,CEMPI_CTOTNX_TT,R_FW_IX,M,2005-M06,73.8507537841797,0,0,10,,,,SC,OL,,
dataflow,IMF.RES:CTOT(5.0.1),R,KAZ,CEMPI_CTOTNX_TT,R_FW_IX,M,2005-M07,75.5881881713867,0,0,10,,,,SC,OL,,
dataflow,IMF.RES:CTOT(5.0.1),R,KAZ,CEMPI_CTOTNX_TT,R_FW_IX,M,2005-M08,79.6318893432617,0,0,10,,,,SC,OL,,
dataflow,IMF.RES:CTOT(5.0.1),R,KAZ,CEMPI_CTOTNX_TT,R_FW_IX,M,2005-M09,79.8910675048828,0,0,10,,,,SC,OL,,
dataflow,IMF.RES:CTOT(5.0.1),R,KAZ,CEMPI_CTOTNX_TT,R_FW_IX,M,2005-M10,77.7885589599609,0,0,10,,,,SC,OL,,
dataflow,IMF.RES:CTOT(5.0.1),R,KAZ,CEMPI_CTOTNX_TT,R_FW_IX,M,2005-M11,75.3631591796875,0,0,10,,,,SC,OL,,
dataflow,IMF.RES:CTOT(5.0.1),R,KAZ,CEMPI_CTOTNX_TT,R_FW_IX,M,2005-M12,77.2627182006836,0,0,10,,,,SC,OL,,
dataflow,IMF.RES:CTOT(5.0.1),R,KAZ,CEMPI_CTOTNX_TT,R_FW_IX,M,2006-M01,82.0693054199219,0,0,10,,,,SC,OL,,
dataflow,IMF.RES:CTOT(5.0.1),R,KAZ,CEMPI_CTOTNX_TT,R_FW_IX,M,2006-M02,81.1860656738281,0,0,10,,,,SC,OL,,
dataflow,IMF.RES:CTOT(5.0.1),R,KAZ,CEMPI_CTOTNX_TT,R_FW_IX,M,2006-M03,82.4953155517578,0,0,10,,,,SC,OL,,
dataflow,IMF.RES:CTOT(5.0.1),R,KAZ,CEMPI_CTOTNX_TT,R_FW_IX,M,2006-M04,89.775764465332,0,0,10,,,,SC,OL,,
dataflow,IMF.RES:CTOT(5.0.1),R,KAZ,CEMPI_CTOTNX_TT,R_FW_IX,M,2006-M05,92.9387664794922,0,0,10,,,,SC,OL,,
dataflow,IMF.RES:CTOT(5.0.1),R,KAZ,CEMPI_CTOTNX_TT,R_FW_IX,M,2006-M06,91.1885757446289,0,0,10,,,,SC,OL,,
dataflow,IMF.RES:CTOT(5.0.1),R,KAZ,CEMPI_CTOTNX_TT,R_FW_IX,M,2006-M07,94.9232940673828,0,0,10,,,,SC,OL,,
dataflow,IMF.RES:CTOT(5.0.1),R,KAZ,CEMPI_CTOTNX_TT,R_FW_IX,M,2006-M08,94.3989028930664,0,0,10,,,,SC,OL,,
dataflow,IMF.RES:CTOT(5.0.1),R,KAZ,CEMPI_CTOTNX_TT,R_FW_IX,M,2006-M09,87.2339477539063,0,0,10,,,,SC,OL,,
dataflow,IMF.RES:CTOT(5.0.1),R,KAZ,CEMPI_CTOTNX_TT,R_FW_IX,M,2006-M10,84.7928695678711,0,0,10,,,,SC,OL,,
dataflow,IMF.RES:CTOT(5.0.1),R,KAZ,CEMPI_CTOTNX_TT,R_FW_IX,M,2006-M11,85.1729507446289,0,0,10,,,,SC,OL,,
dataflow,IMF.RES:CTOT(5.0.1),R,KAZ,CEMPI_CTOTNX_TT,R_FW_IX,M,2006-M12,86.7209167480469,0,0,10,,,,SC,OL,,
dataflow,IMF.RES:CTOT(5.0.1),R,KAZ,CEMPI_CTOTNX_TT,R_FW_IX,M,2007-M01,79.9840698242188,0,0,10,,,,SC,OL,,
dataflow,IMF.RES:CTOT(5.0.1),R,KAZ,CEMPI_CTOTNX_TT,R_FW_IX,M,2007-M02,83.0060577392578,0,0,10,,,,SC,OL,,
dataflow,IMF.RES:CTOT(5.0.1),R,KAZ,CEMPI_CTOTNX_TT,R_FW_IX,M,2007-M03,85.9913940429688,0,0,10,,,,SC,OL,,
dataflow,IMF.RES:CTOT(5.0.1),R,KAZ,CEMPI_CTOTNX_TT,R_FW_IX,M,2007-M04,90.9556884765625,0,0,10,,,,SC,OL,,
dataflow,IMF.RES:CTOT(5.0.1),R,KAZ,CEMPI_CTOTNX_TT,R_FW_IX,M,2007-M05,90.8803863525391,0,0,10,,,,SC,OL,,
dataflow,IMF.RES:CTOT(5.0.1),R,KAZ,CEMPI_CTOTNX_TT,R_FW_IX,M,2007-M06,93.125732421875,0,0,10,,,,SC,OL,,
dataflow,IMF.RES:CTOT(5.0.1),R,KAZ,CEMPI_CTOTNX_TT,R_FW_IX,M,2007-M07,97.3239517211914,0,0,10,,,,SC,OL,,
dataflow,IMF.RES:CTOT(5.0.1),R,KAZ,CEMPI_CTOTNX_TT,R_FW_IX,M,2007-M08,94.3409652709961,0,0,10,,,,SC,OL,,
dataflow,IMF.RES:CTOT(5.0.1),R,KAZ,CEMPI_CTOTNX_TT,R_FW_IX,M,2007-M09,99.0858459472656,0,0,10,,,,SC,OL,,
dataflow,IMF.RES:CTOT(5.0.1),R,KAZ,CEMPI_CTOTNX_TT,R_FW_IX,M,2007-M10,103.31893157959,0,0,10,,,,SC,OL,,
dataflow,IMF.RES:CTOT(5.0.1),R,KAZ,CEMPI_CTOTNX_TT,R_FW_IX,M,2007-M11,107.047309875488,0,0,10,,,,SC,OL,,
dataflow,IMF.RES:CTOT(5.0.1),R,KAZ,CEMPI_CTOTNX_TT,R_FW_IX,M,2007-M12,105.834442138672,0,0,10,,,,SC,OL,,
dataflow,IMF.RES:CTOT(5.0.1),R,KAZ,CEMPI_CTOTNX_TT,R_FW_IX,M,2008-M01,108.015266418457,0,0,10,,,,SC,OL,,
dataflow,IMF.RES:CTOT(5.0.1),R,KAZ,CEMPI_CTOTNX_TT,R_FW_IX,M,2008-M02,112.021278381348,0,0,10,,,,SC,OL,,
dataflow,IMF.RES:CTOT(5.0.1),R,KAZ,CEMPI_CTOTNX_TT,R_FW_IX,M,2008-M03,117.307830810547,0,0,10,,,,SC,OL,,
dataflow,IMF.RES:CTOT(5.0.1),R,KAZ,CEMPI_CTOTNX_TT,R_FW_IX,M,2008-M04,119.644912719727,0,0,10,,,,SC,OL,,
dataflow,IMF.RES:CTOT(5.0.1),R,KAZ,CEMPI_CTOTNX_TT,R_FW_IX,M,2008-M05,126.011627197266,0,0,10,,,,SC,OL,,
dataflow,IMF.RES:CTOT(5.0.1),R,KAZ,CEMPI_CTOTNX_TT,R_FW_IX,M,2008-M06,130.47770690918,0,0,10,,,,SC,OL,,
dataflow,IMF.RES:CTOT(5.0.1),R,KAZ,CEMPI_CTOTNX_TT,R_FW_IX,M,2008-M07,131.009719848633,0,0,10,,,,SC,OL,,
dataflow,IMF.RES:CTOT(5.0.1),R,KAZ,CEMPI_CTOTNX_TT,R_FW_IX,M,2008-M08,119.215057373047,0,0,10,,,,SC,OL,,
dataflow,IMF.RES:CTOT(5.0.1),R,KAZ,CEMPI_CTOTNX_TT,R_FW_IX,M,2008-M09,108.991188049316,0,0,10,,,,SC,OL,,
dataflow,IMF.RES:CTOT(5.0.1),R,KAZ,CEMPI_CTOTNX_TT,R_FW_IX,M,2008-M10,86.5548095703125,0,0,10,,,,SC,OL,,
dataflow,IMF.RES:CTOT(5.0.1),R,KAZ,CEMPI_CTOTNX_TT,R_FW_IX,M,2008-M11,71.4916458129883,0,0,10,,,,SC,OL,,
dataflow,IMF.RES:CTOT(5.0.1),R,KAZ,CEMPI_CTOTNX_TT,R_FW_IX,M,2008-M12,60.623664855957,0,0,10,,,,SC,OL,,
dataflow,IMF.RES:CTOT(5.0.1),R,KAZ,CEMPI_CTOTNX_TT,R_FW_IX,M,2009-M01,63.5498924255371,0,0,10,,,,SC,OL,,
dataflow,IMF.RES:CTOT(5.0.1),R,KAZ,CEMPI_CTOTNX_TT,R_FW_IX,M,2009-M02,62.1678810119629,0,0,10,,,,SC,OL,,
dataflow,IMF.RES:CTOT(5.0.1),R,KAZ,CEMPI_CTOTNX_TT,R_FW_IX,M,2009-M03,66.3703536987305,0,0,10,,,,SC,OL,,
dataflow,IMF.RES:CTOT(5.0.1),R,KAZ,CEMPI_CTOTNX_TT,R_FW_IX,M,2009-M04,69.8345031738281,0,0,10,,,,SC,OL,,
dataflow,IMF.RES:CTOT(5.0.1),R,KAZ,CEMPI_CTOTNX_TT,R_FW_IX,M,2009-M05,76.7458801269531,0,0,10,,,,SC,OL,,
dataflow,IMF.RES:CTOT(5.0.1),R,KAZ,CEMPI_CTOTNX_TT,R_FW_IX,M,2009-M06,85.3565139770508,0,0,10,,,,SC,OL,,
dataflow,IMF.RES:CTOT(5.0.1),R,KAZ,CEMPI_CTOTNX_TT,R_FW_IX,M,2009-M07,83.0849838256836,0,0,10,,,,SC,OL,,
dataflow,IMF.RES:CTOT(5.0.1),R,KAZ,CEMPI_CTOTNX_TT,R_FW_IX,M,2009-M08,89.1916732788086,0,0,10,,,,SC,OL,,
dataflow,IMF.RES:CTOT(5.0.1),R,KAZ,CEMPI_CTOTNX_TT,R_FW_IX,M,2009-M09,85.8461608886719,0,0,10,,,,SC,OL,,
dataflow,IMF.RES:CTOT(5.0.1),R,KAZ,CEMPI_CTOTNX_TT,R_FW_IX,M,2009-M10,90.7410583496094,0,0,10,,,,SC,OL,,
dataflow,IMF.RES:CTOT(5.0.1),R,KAZ,CEMPI_CTOTNX_TT,R_FW_IX,M,2009-M11,94.4471588134766,0,0,10,,,,SC,OL,,
dataflow,IMF.RES:CTOT(5.0.1),R,KAZ,CEMPI_CTOTNX_TT,R_FW_IX,M,2009-M12,93.6133728027344,0,0,10,,,,SC,OL,,
dataflow,IMF.RES:CTOT(5.0.1),R,KAZ,CEMPI_CTOTNX_TT,R_FW_IX,M,2010-M01,96.5813598632813,0,0,10,,,,SC,OL,,
dataflow,IMF.RES:CTOT(5.0.1),R,KAZ,CEMPI_CTOTNX_TT,R_FW_IX,M,2010-M02,93.6291885375977,0,0,10,,,,SC,OL,,
dataflow,IMF.RES:CTOT(5.0.1),R,KAZ,CEMPI_CTOTNX_TT,R_FW_IX,M,2010-M03,97.9879150390625,0,0,10,,,,SC,OL,,
dataflow,IMF.RES:CTOT(5.0.1),R,KAZ,CEMPI_CTOTNX_TT,R_FW_IX,M,2010-M04,102.119316101074,0,0,10,,,,SC,OL,,
dataflow,IMF.RES:CTOT(5.0.1),R,KAZ,CEMPI_CTOTNX_TT,R_FW_IX,M,2010-M05,94.6106719970703,0,0,10,,,,SC,OL,,
dataflow,IMF.RES:CTOT(5.0.1),R,KAZ,CEMPI_CTOTNX_TT,R_FW_IX,M,2010-M06,92.6743927001953,0,0,10,,,,SC,OL,,
dataflow,IMF.RES:CTOT(5.0.1),R,KAZ,CEMPI_CTOTNX_TT,R_FW_IX,M,2010-M07,93.2002563476563,0,0,10,,,,SC,OL,,
dataflow,IMF.RES:CTOT(5.0.1),R,KAZ,CEMPI_CTOTNX_TT,R_FW_IX,M,2010-M08,95.6306381225586,0,0,10,,,,SC,OL,,
dataflow,IMF.RES:CTOT(5.0.1),R,KAZ,CEMPI_CTOTNX_TT,R_FW_IX,M,2010-M09,96.4560012817383,0,0,10,,,,SC,OL,,
dataflow,IMF.RES:CTOT(5.0.1),R,KAZ,CEMPI_CTOTNX_TT,R_FW_IX,M,2010-M10,100.727233886719,0,0,10,,,,SC,OL,,
dataflow,IMF.RES:CTOT(5.0.1),R,KAZ,CEMPI_CTOTNX_TT,R_FW_IX,M,2010-M11,102.954002380371,0,0,10,,,,SC,OL,,
dataflow,IMF.RES:CTOT(5.0.1),R,KAZ,CEMPI_CTOTNX_TT,R_FW_IX,M,2010-M12,108.054321289063,0,0,10,,,,SC,OL,,
dataflow,IMF.RES:CTOT(5.0.1),R,KAZ,CEMPI_CTOTNX_TT,R_FW_IX,M,2011-M01,111.117164611816,0,0,10,,,,SC,OL,,
dataflow,IMF.RES:CTOT(5.0.1),R,KAZ,CEMPI_CTOTNX_TT,R_FW_IX,M,2011-M02,114.764366149902,0,0,10,,,,SC,OL,,
dataflow,IMF.RES:CTOT(5.0.1),R,KAZ,CEMPI_CTOTNX_TT,R_FW_IX,M,2011-M03,119.652397155762,0,0,10,,,,SC,OL,,
dataflow,IMF.RES:CTOT(5.0.1),R,KAZ,CEMPI_CTOTNX_TT,R_FW_IX,M,2011-M04,124.589775085449,0,0,10,,,,SC,OL,,
dataflow,IMF.RES:CTOT(5.0.1),R,KAZ,CEMPI_CTOTNX_TT,R_FW_IX,M,2011-M05,118.441513061523,0,0,10,,,,SC,OL,,
dataflow,IMF.RES:CTOT(5.0.1),R,KAZ,CEMPI_CTOTNX_TT,R_FW_IX,M,2011-M06,116.478187561035,0,0,10,,,,SC,OL,,
dataflow,IMF.RES:CTOT(5.0.1),R,KAZ,CEMPI_CTOTNX_TT,R_FW_IX,M,2011-M07,117.994682312012,0,0,10,,,,SC,OL,,
dataflow,IMF.RES:CTOT(5.0.1),R,KAZ,CEMPI_CTOTNX_TT,R_FW_IX,M,2011-M08,112.417022705078,0,0,10,,,,SC,OL,,
dataflow,IMF.RES:CTOT(5.0.1),R,KAZ,CEMPI_CTOTNX_TT,R_FW_IX,M,2011-M09,111.106246948242,0,0,10,,,,SC,OL,,
dataflow,IMF.RES:CTOT(5.0.1),R,KAZ,CEMPI_CTOTNX_TT,R_FW_IX,M,2011-M10,107.953414916992,0,0,10,,,,SC,OL,,
dataflow,IMF.RES:CTOT(5.0.1),R,KAZ,CEMPI_CTOTNX_TT,R_FW_IX,M,2011-M11,110.133255004883,0,0,10,,,,SC,OL,,
dataflow,IMF.RES:CTOT(5.0.1),R,KAZ,CEMPI_CTOTNX_TT,R_FW_IX,M,2011-M12,108.847099304199,0,0,10,,,,SC,OL,,
dataflow,IMF.RES:CTOT(5.0.1),R,KAZ,CEMPI_CTOTNX_TT,R_FW_IX,M,2012-M01,111.246223449707,0,0,10,,,,SC,OL,,
dataflow,IMF.RES:CTOT(5.0.1),R,KAZ,CEMPI_CTOTNX_TT,R_FW_IX,M,2012-M02,114.935844421387,0,0,10,,,,SC,OL,,
dataflow,IMF.RES:CTOT(5.0.1),R,KAZ,CEMPI_CTOTNX_TT,R_FW_IX,M,2012-M03,117.031242370606,0,0,10,,,,SC,OL,,
dataflow,IMF.RES:CTOT(5.0.1),R,KAZ,CEMPI_CTOTNX_TT,R_FW_IX,M,2012-M04,114.304328918457,0,0,10,,,,SC,OL,,
dataflow,IMF.RES:CTOT(5.0.1),R,KAZ,CEMPI_CTOTNX_TT,R_FW_IX,M,2012-M05,108.2158203125,0,0,10,,,,SC,OL,,
dataflow,IMF.RES:CTOT(5.0.1),R,KAZ,CEMPI_CTOTNX_TT,R_FW_IX,M,2012-M06,100,0,0,10,,,,SC,OL,,
dataflow,IMF.RES:CTOT(5.0.1),R,KAZ,CEMPI_CTOTNX_TT,R_FW_IX,M,2012-M07,104.416999816895,0,0,10,,,,SC,OL,,
dataflow,IMF.RES:CTOT(5.0.1),R,KAZ,CEMPI_CTOTNX_TT,R_FW_IX,M,2012-M08,108.747955322266,0,0,10,,,,SC,OL,,
dataflow,IMF.RES:CTOT(5.0.1),R,KAZ,CEMPI_CTOTNX_TT,R_FW_IX,M,2012-M09,110.180274963379,0,0,10,,,,SC,OL,,
dataflow,IMF.RES:CTOT(5.0.1),R,KAZ,CEMPI_CTOTNX_TT,R_FW_IX,M,2012-M10,108.667770385742,0,0,10,,,,SC,OL,,
dataflow,IMF.RES:CTOT(5.0.1),R,KAZ,CEMPI_CTOTNX_TT,R_FW_IX,M,2012-M11,107.536499023438,0,0,10,,,,SC,OL,,
dataflow,IMF.RES:CTOT(5.0.1),R,KAZ,CEMPI_CTOTNX_TT,R_FW_IX,M,2012-M12,108.661041259766,0,0,10,,,,SC,OL,,
dataflow,IMF.RES:CTOT(5.0.1),R,KAZ,CEMPI_CTOTNX_TT,R_FW_IX,M,2013-M01,111.457023620606,0,0,10,,,,SC,OL,,
dataflow,IMF.RES:CTOT(5.0.1),R,KAZ,CEMPI_CTOTNX_TT,R_FW_IX,M,2013-M02,113.301292419434,0,0,10,,,,SC,OL,,
dataflow,IMF.RES:CTOT(5.0.1),R,KAZ,CEMPI_CTOTNX_TT,R_FW_IX,M,2013-M03,109.693771362305,0,0,10,,,,SC,OL,,
dataflow,IMF.RES:CTOT(5.0.1),R,KAZ,CEMPI_CTOTNX_TT,R_FW_IX,M,2013-M04,106.897903442383,0,0,10,,,,SC,OL,,
dataflow,IMF.RES:CTOT(5.0.1),R,KAZ,CEMPI_CTOTNX_TT,R_FW_IX,M,2013-M05,107.266983032227,0,0,10,,,,SC,OL,,
dataflow,IMF.RES:CTOT(5.0.1),R,KAZ,CEMPI_CTOTNX_TT,R_FW_IX,M,2013-M06,106.898231506348,0,0,10,,,,SC,OL,,
dataflow,IMF.RES:CTOT(5.0.1),R,KAZ,CEMPI_CTOTNX_TT,R_FW_IX,M,2013-M07,109.65657043457,0,0,10,,,,SC,OL,,
dataflow,IMF.RES:CTOT(5.0.1),R,KAZ,CEMPI_CTOTNX_TT,R_FW_IX,M,2013-M08,112.129104614258,0,0,10,,,,SC,OL,,
dataflow,IMF.RES:CTOT(5.0.1),R,KAZ,CEMPI_CTOTNX_TT,R_FW_IX,M,2013-M09,112.38126373291,0,0,10,,,,SC,OL,,
dataflow,IMF.RES:CTOT(5.0.1),R,KAZ,CEMPI_CTOTNX_TT,R_FW_IX,M,2013-M10,111.235237121582,0,0,10,,,,SC,OL,,
dataflow,IMF.RES:CTOT(5.0.1),R,KAZ,CEMPI_CTOTNX_TT,R_FW_IX,M,2013-M11,109.286254882813,0,0,10,,,,SC,OL,,
dataflow,IMF.RES:CTOT(5.0.1),R,KAZ,CEMPI_CTOTNX_TT,R_FW_IX,M,2013-M12,111.326301574707,0,0,10,,,,SC,OL,,
dataflow,IMF.RES:CTOT(5.0.1),R,KAZ,CEMPI_CTOTNX_TT,R_FW_IX,M,2014-M01,109.153213500977,0,0,10,,,,SC,OL,,
dataflow,IMF.RES:CTOT(5.0.1),R,KAZ,CEMPI_CTOTNX_TT,R_FW_IX,M,2014-M02,110.294914245606,0,0,10,,,,SC,OL,,
dataflow,IMF.RES:CTOT(5.0.1),R,KAZ,CEMPI_CTOTNX_TT,R_FW_IX,M,2014-M03,109.398994445801,0,0,10,,,,SC,OL,,
dataflow,IMF.RES:CTOT(5.0.1),R,KAZ,CEMPI_CTOTNX_TT,R_FW_IX,M,2014-M04,109.937515258789,0,0,10,,,,SC,OL,,
dataflow,IMF.RES:CTOT(5.0.1),R,KAZ,CEMPI_CTOTNX_TT,R_FW_IX,M,2014-M05,110.599609375,0,0,10,,,,SC,OL,,
dataflow,IMF.RES:CTOT(5.0.1),R,KAZ,CEMPI_CTOTNX_TT,R_FW_IX,M,2014-M06,111.085510253906,0,0,10,,,,SC,OL,,
dataflow,IMF.RES:CTOT(5.0.1),R,KAZ,CEMPI_CTOTNX_TT,R_FW_IX,M,2014-M07,109.379653930664,0,0,10,,,,SC,OL,,
dataflow,IMF.RES:CTOT(5.0.1),R,KAZ,CEMPI_CTOTNX_TT,R_FW_IX,M,2014-M08,106.018844604492,0,0,10,,,,SC,OL,,
dataflow,IMF.RES:CTOT(5.0.1),R,KAZ,CEMPI_CTOTNX_TT,R_FW_IX,M,2014-M09,102.616607666016,0,0,10,,,,SC,OL,,
dataflow,IMF.RES:CTOT(5.0.1),R,KAZ,CEMPI_CTOTNX_TT,R_FW_IX,M,2014-M10,96.5913162231445,0,0,10,,,,SC,OL,,
dataflow,IMF.RES:CTOT(5.0.1),R,KAZ,CEMPI_CTOTNX_TT,R_FW_IX,M,2014-M11,91.1293182373047,0,0,10,,,,SC,OL,,
dataflow,IMF.RES:CTOT(5.0.1),R,KAZ,CEMPI_CTOTNX_TT,R_FW_IX,M,2014-M12,80.4607849121094,0,0,10,,,,SC,OL,,
dataflow,IMF.RES:CTOT(5.0.1),R,KAZ,CEMPI_CTOTNX_TT,R_FW_IX,M,2015-M01,70.0146560668945,0,0,10,,,,SC,OL,,
dataflow,IMF.RES:CTOT(5.0.1),R,KAZ,CEMPI_CTOTNX_TT,R_FW_IX,M,2015-M02,75.1213226318359,0,0,10,,,,SC,OL,,
dataflow,IMF.RES:CTOT(5.0.1),R,KAZ,CEMPI_CTOTNX_TT,R_FW_IX,M,2015-M03,73.6904067993164,0,0,10,,,,SC,OL,,
dataflow,IMF.RES:CTOT(5.0.1),R,KAZ,CEMPI_CTOTNX_TT,R_FW_IX,M,2015-M04,76.7771377563477,0,0,10,,,,SC,OL,,
dataflow,IMF.RES:CTOT(5.0.1),R,KAZ,CEMPI_CTOTNX_TT,R_FW_IX,M,2015-M05,81.1622848510742,0,0,10,,,,SC,OL,,
dataflow,IMF.RES:CTOT(5.0.1),R,KAZ,CEMPI_CTOTNX_TT,R_FW_IX,M,2015-M06,79.8973388671875,0,0,10,,,,SC,OL,,
dataflow,IMF.RES:CTOT(5.0.1),R,KAZ,CEMPI_CTOTNX_TT,R_FW_IX,M,2015-M07,74.6060104370117,0,0,10,,,,SC,OL,,
dataflow,IMF.RES:CTOT(5.0.1),R,KAZ,CEMPI_CTOTNX_TT,R_FW_IX,M,2015-M08,67.7891159057617,0,0,10,,,,SC,OL,,
dataflow,IMF.RES:CTOT(5.0.1),R,KAZ,CEMPI_CTOTNX_TT,R_FW_IX,M,2015-M09,67.7160873413086,0,0,10,,,,SC,OL,,
dataflow,IMF.RES:CTOT(5.0.1),R,KAZ,CEMPI_CTOTNX_TT,R_FW_IX,M,2015-M10,68.2048492431641,0,0,10,,,,SC,OL,,
dataflow,IMF.RES:CTOT(5.0.1),R,KAZ,CEMPI_CTOTNX_TT,R_FW_IX,M,2015-M11,64.2708435058594,0,0,10,,,,SC,OL,,
dataflow,IMF.RES:CTOT(5.0.1),R,KAZ,CEMPI_CTOTNX_TT,R_FW_IX,M,2015-M12,59.0684547424316,0,0,10,,,,SC,OL,,
dataflow,IMF.RES:CTOT(5.0.1),R,KAZ,CEMPI_CTOTNX_TT,R_FW_IX,M,2016-M01,53.6649971008301,0,0,10,,,,SC,OL,,
dataflow,IMF.RES:CTOT(5.0.1),R,KAZ,CEMPI_CTOTNX_TT,R_FW_IX,M,2016-M02,55.1032829284668,0,0,10,,,,SC,OL,,
dataflow,IMF.RES:CTOT(5.0.1),R,KAZ,CEMPI_CTOTNX_TT,R_FW_IX,M,2016-M03,61.7531318664551,0,0,10,,,,SC,OL,,
dataflow,IMF.RES:CTOT(5.0.1),R,KAZ,CEMPI_CTOTNX_TT,R_FW_IX,M,2016-M04,64.9373550415039,0,0,10,,,,SC,OL,,
dataflow,IMF.RES:CTOT(5.0.1),R,KAZ,CEMPI_CTOTNX_TT,R_FW_IX,M,2016-M05,68.5176849365234,0,0,10,,,,SC,OL,,
dataflow,IMF.RES:CTOT(5.0.1),R,KAZ,CEMPI_CTOTNX_TT,R_FW_IX,M,2016-M06,70.2412567138672,0,0,10,,,,SC,OL,,
dataflow,IMF.RES:CTOT(5.0.1),R,KAZ,CEMPI_CTOTNX_TT,R_FW_IX,M,2016-M07,68.0051574707031,0,0,10,,,,SC,OL,,
dataflow,IMF.RES:CTOT(5.0.1),R,KAZ,CEMPI_CTOTNX_TT,R_FW_IX,M,2016-M08,68.6280975341797,0,0,10,,,,SC,OL,,
dataflow,IMF.RES:CTOT(5.0.1),R,KAZ,CEMPI_CTOTNX_TT,R_FW_IX,M,2016-M09,68.5973358154297,0,0,10,,,,SC,OL,,
dataflow,IMF.RES:CTOT(5.0.1),R,KAZ,CEMPI_CTOTNX_TT,R_FW_IX,M,2016-M10,72.5380096435547,0,0,10,,,,SC,OL,,
dataflow,IMF.RES:CTOT(5.0.1),R,KAZ,CEMPI_CTOTNX_TT,R_FW_IX,M,2016-M11,70.9970550537109,0,0,10,,,,SC,OL,,
dataflow,IMF.RES:CTOT(5.0.1),R,KAZ,CEMPI_CTOTNX_TT,R_FW_IX,M,2016-M12,77.1529006958008,0,0,10,,,,SC,OL,,
dataflow,IMF.RES:CTOT(5.0.1),R,KAZ,CEMPI_CTOTNX_TT,R_FW_IX,M,2017-M01,78.3830795288086,0,0,10,,,,SC,OL,,
dataflow,IMF.RES:CTOT(5.0.1),R,KAZ,CEMPI_CTOTNX_TT,R_FW_IX,M,2017-M02,79.4665222167969,0,0,10,,,,SC,OL,,
dataflow,IMF.RES:CTOT(5.0.1),R,KAZ,CEMPI_CTOTNX_TT,R_FW_IX,M,2017-M03,76.4413986206055,0,0,10,,,,SC,OL,,
dataflow,IMF.RES:CTOT(5.0.1),R,KAZ,CEMPI_CTOTNX_TT,R_FW_IX,M,2017-M04,76.8218765258789,0,0,10,,,,SC,OL,,
dataflow,IMF.RES:CTOT(5.0.1),R,KAZ,CEMPI_CTOTNX_TT,R_FW_IX,M,2017-M05,74.4413070678711,0,0,10,,,,SC,OL,,
dataflow,IMF.RES:CTOT(5.0.1),R,KAZ,CEMPI_CTOTNX_TT,R_FW_IX,M,2017-M06,71.9711380004883,0,0,10,,,,SC,OL,,
dataflow,IMF.RES:CTOT(5.0.1),R,KAZ,CEMPI_CTOTNX_TT,R_FW_IX,M,2017-M07,74.2975921630859,0,0,10,,,,SC,OL,,
dataflow,IMF.RES:CTOT(5.0.1),R,KAZ,CEMPI_CTOTNX_TT,R_FW_IX,M,2017-M08,76.3781585693359,0,0,10,,,,SC,OL,,
dataflow,IMF.RES:CTOT(5.0.1),R,KAZ,CEMPI_CTOTNX_TT,R_FW_IX,M,2017-M09,78.7433624267578,0,0,10,,,,SC,OL,,
dataflow,IMF.RES:CTOT(5.0.1),R,KAZ,CEMPI_CTOTNX_TT,R_FW_IX,M,2017-M10,79.9380264282227,0,0,10,,,,SC,OL,,
dataflow,IMF.RES:CTOT(5.0.1),R,KAZ,CEMPI_CTOTNX_TT,R_FW_IX,M,2017-M11,83.889289855957,0,0,10,,,,SC,OL,,
dataflow,IMF.RES:CTOT(5.0.1),R,KAZ,CEMPI_CTOTNX_TT,R_FW_IX,M,2017-M12,85.2764434814453,0,0,10,,,,SC,OL,,
dataflow,IMF.RES:CTOT(5.0.1),R,KAZ,CEMPI_CTOTNX_TT,R_FW_IX,M,2018-M01,89.9409866333008,0,0,10,,,,SC,OL,,
dataflow,IMF.RES:CTOT(5.0.1),R,KAZ,CEMPI_CTOTNX_TT,R_FW_IX,M,2018-M02,88.4201736450195,0,0,10,,,,SC,OL,,
dataflow,IMF.RES:CTOT(5.0.1),R,KAZ,CEMPI_CTOTNX_TT,R_FW_IX,M,2018-M03,88.5034561157227,0,0,10,,,,SC,OL,,
dataflow,IMF.RES:CTOT(5.0.1),R,KAZ,CEMPI_CTOTNX_TT,R_FW_IX,M,2018-M04,91.0949478149414,0,0,10,,,,SC,OL,,
dataflow,IMF.RES:CTOT(5.0.1),R,KAZ,CEMPI_CTOTNX_TT,R_FW_IX,M,2018-M05,94.6129531860352,0,0,10,,,,SC,OL,,
dataflow,IMF.RES:CTOT(5.0.1),R,KAZ,CEMPI_CTOTNX_TT,R_FW_IX,M,2018-M06,94.1434020996094,0,0,10,,,,SC,OL,,
dataflow,IMF.RES:CTOT(5.0.1),R,KAZ,CEMPI_CTOTNX_TT,R_FW_IX,M,2018-M07,93.2681503295898,0,0,10,,,,SC,OL,,
dataflow,IMF.RES:CTOT(5.0.1),R,KAZ,CEMPI_CTOTNX_TT,R_FW_IX,M,2018-M08,92.1426391601563,0,0,10,,,,SC,OL,,
dataflow,IMF.RES:CTOT(5.0.1),R,KAZ,CEMPI_CTOTNX_TT,R_FW_IX,M,2018-M09,94.0408325195313,0,0,10,,,,SC,OL,,
dataflow,IMF.RES:CTOT(5.0.1),R,KAZ,CEMPI_CTOTNX_TT,R_FW_IX,M,2018-M10,94.8183822631836,0,0,10,,,,SC,OL,,
dataflow,IMF.RES:CTOT(5.0.1),R,KAZ,CEMPI_CTOTNX_TT,R_FW_IX,M,2018-M11,84.8495101928711,0,0,10,,,,SC,OL,,
dataflow,IMF.RES:CTOT(5.0.1),R,KAZ,CEMPI_CTOTNX_TT,R_FW_IX,M,2018-M12,78.673713684082,0,0,10,,,,SC,OL,,
dataflow,IMF.RES:CTOT(5.0.1),R,KAZ,CEMPI_CTOTNX_TT,R_FW_IX,M,2019-M01,80.3885726928711,0,0,10,,,,SC,OL,,
dataflow,IMF.RES:CTOT(5.0.1),R,KAZ,CEMPI_CTOTNX_TT,R_FW_IX,M,2019-M02,83.9094848632813,0,0,10,,,,SC,OL,,
dataflow,IMF.RES:CTOT(5.0.1),R,KAZ,CEMPI_CTOTNX_TT,R_FW_IX,M,2019-M03,85.5284881591797,0,0,10,,,,SC,OL,,
dataflow,IMF.RES:CTOT(5.0.1),R,KAZ,CEMPI_CTOTNX_TT,R_FW_IX,M,2019-M04,88.5600280761719,0,0,10,,,,SC,OL,,
dataflow,IMF.RES:CTOT(5.0.1),R,KAZ,CEMPI_CTOTNX_TT,R_FW_IX,M,2019-M05,86.5309295654297,0,0,10,,,,SC,OL,,
dataflow,IMF.RES:CTOT(5.0.1),R,KAZ,CEMPI_CTOTNX_TT,R_FW_IX,M,2019-M06,81.5981597900391,0,0,10,,,,SC,OL,,
dataflow,IMF.RES:CTOT(5.0.1),R,KAZ,CEMPI_CTOTNX_TT,R_FW_IX,M,2019-M07,83.0498046875,0,0,10,,,,SC,OL,,
dataflow,IMF.RES:CTOT(5.0.1),R,KAZ,CEMPI_CTOTNX_TT,R_FW_IX,M,2019-M08,78.8552627563477,0,0,10,,,,SC,OL,,
dataflow,IMF.RES:CTOT(5.0.1),R,KAZ,CEMPI_CTOTNX_TT,R_FW_IX,M,2019-M09,80.7723007202148,0,0,10,,,,SC,OL,,
dataflow,IMF.RES:CTOT(5.0.1),R,KAZ,CEMPI_CTOTNX_TT,R_FW_IX,M,2019-M10,79.418212890625,0,0,10,,,,SC,OL,,
dataflow,IMF.RES:CTOT(5.0.1),R,KAZ,CEMPI_CTOTNX_TT,R_FW_IX,M,2019-M11,81.6605529785156,0,0,10,,,,SC,OL,,
dataflow,IMF.RES:CTOT(5.0.1),R,KAZ,CEMPI_CTOTNX_TT,R_FW_IX,M,2019-M12,84.2647094726563,0,0,10,,,,SC,OL,,
dataflow,IMF.RES:CTOT(5.0.1),R,KAZ,CEMPI_CTOTNX_TT,R_FW_IX,M,2020-M01,83.7524337768555,0,0,10,,,,SC,OL,,
dataflow,IMF.RES:CTOT(5.0.1),R,KAZ,CEMPI_CTOTNX_TT,R_FW_IX,M,2020-M02,76.9463043212891,0,0,10,,,,SC,OL,,
dataflow,IMF.RES:CTOT(5.0.1),R,KAZ,CEMPI_CTOTNX_TT,R_FW_IX,M,2020-M03,59.0251579284668,0,0,10,,,,SC,OL,,
dataflow,IMF.RES:CTOT(5.0.1),R,KAZ,CEMPI_CTOTNX_TT,R_FW_IX,M,2020-M04,49.8373527526856,0,0,10,,,,SC,OL,,
dataflow,IMF.RES:CTOT(5.0.1),R,KAZ,CEMPI_CTOTNX_TT,R_FW_IX,M,2020-M05,57.9099502563477,0,0,10,,,,SC,OL,,
dataflow,IMF.RES:CTOT(5.0.1),R,KAZ,CEMPI_CTOTNX_TT,R_FW_IX,M,2020-M06,66.3579177856445,0,0,10,,,,SC,OL,,
dataflow,IMF.RES:CTOT(5.0.1),R,KAZ,CEMPI_CTOTNX_TT,R_FW_IX,M,2020-M07,69.2542037963867,0,0,10,,,,SC,OL,,
dataflow,IMF.RES:CTOT(5.0.1),R,KAZ,CEMPI_CTOTNX_TT,R_FW_IX,M,2020-M08,71.5236206054688,0,0,10,,,,SC,OL,,
dataflow,IMF.RES:CTOT(5.0.1),R,KAZ,CEMPI_CTOTNX_TT,R_FW_IX,M,2020-M09,70.0197067260742,0,0,10,,,,SC,OL,,
dataflow,IMF.RES:CTOT(5.0.1),R,KAZ,CEMPI_CTOTNX_TT,R_FW_IX,M,2020-M10,69.9301147460938,0,0,10,,,,SC,OL,,
dataflow,IMF.RES:CTOT(5.0.1),R,KAZ,CEMPI_CTOTNX_TT,R_FW_IX,M,2020-M11,72.7823181152344,0,0,10,,,,SC,OL,,
dataflow,IMF.RES:CTOT(5.0.1),R,KAZ,CEMPI_CTOTNX_TT,R_FW_IX,M,2020-M12,79.9952163696289,0,0,10,,,,SC,OL,,
dataflow,IMF.RES:CTOT(5.0.1),R,KAZ,CEMPI_CTOTNX_TT,R_FW_IX,M,2021-M01,84.9955673217773,0,0,10,,,,SC,OL,,
dataflow,IMF.RES:CTOT(5.0.1),R,KAZ,CEMPI_CTOTNX_TT,R_FW_IX,M,2021-M02,90.0629577636719,0,0,10,,,,SC,OL,,
dataflow,IMF.RES:CTOT(5.0.1),R,KAZ,CEMPI_CTOTNX_TT,R_FW_IX,M,2021-M03,92.3246536254883,0,0,10,,,,SC,OL,,
dataflow,IMF.RES:CTOT(5.0.1),R,KAZ,CEMPI_CTOTNX_TT,R_FW_IX,M,2021-M04,92.1657333374023,0,0,10,,,,SC,OL,,
dataflow,IMF.RES:CTOT(5.0.1),R,KAZ,CEMPI_CTOTNX_TT,R_FW_IX,M,2021-M05,96.3706207275391,0,0,10,,,,SC,OL,,
dataflow,IMF.RES:CTOT(5.0.1),R,KAZ,CEMPI_CTOTNX_TT,R_FW_IX,M,2021-M06,99.5178375244141,0,0,10,,,,SC,OL,,
dataflow,IMF.RES:CTOT(5.0.1),R,KAZ,CEMPI_CTOTNX_TT,R_FW_IX,M,2021-M07,100.110122680664,0,0,10,,,,SC,OL,,
dataflow,IMF.RES:CTOT(5.0.1),R,KAZ,CEMPI_CTOTNX_TT,R_FW_IX,M,2021-M08,96.6922302246094,0,0,10,,,,SC,OL,,
dataflow,IMF.RES:CTOT(5.0.1),R,KAZ,CEMPI_CTOTNX_TT,R_FW_IX,M,2021-M09,98.3844299316406,0,0,10,,,,SC,OL,,
dataflow,IMF.RES:CTOT(5.0.1),R,KAZ,CEMPI_CTOTNX_TT,R_FW_IX,M,2021-M10,106.163215637207,0,0,10,,,,SC,OL,,
dataflow,IMF.RES:CTOT(5.0.1),R,KAZ,CEMPI_CTOTNX_TT,R_FW_IX,M,2021-M11,102.267318725586,0,0,10,,,,SC,OL,,
dataflow,IMF.RES:CTOT(5.0.1),R,KAZ,CEMPI_CTOTNX_TT,R_FW_IX,M,2021-M12,98.0557250976563,0,0,10,,,,SC,OL,,
dataflow,IMF.RES:CTOT(5.0.1),R,KAZ,CEMPI_CTOTNX_TT,R_FW_IX,M,2022-M01,105.913925170898,0,0,10,,,,SC,OL,,
dataflow,IMF.RES:CTOT(5.0.1),R,KAZ,CEMPI_CTOTNX_TT,R_FW_IX,M,2022-M02,111.435218811035,0,0,10,,,,SC,OL,,
dataflow,IMF.RES:CTOT(5.0.1),R,KAZ,CEMPI_CTOTNX_TT,R_FW_IX,M,2022-M03,123.464988708496,0,0,10,,,,SC,OL,,
dataflow,IMF.RES:CTOT(5.0.1),R,KAZ,CEMPI_CTOTNX_TT,R_FW_IX,M,2022-M04,119.528511047363,0,0,10,,,,SC,OL,,
dataflow,IMF.RES:CTOT(5.0.1),R,KAZ,CEMPI_CTOTNX_TT,R_FW_IX,M,2022-M05,121.782608032227,0,0,10,,,,SC,OL,,
dataflow,IMF.RES:CTOT(5.0.1),R,KAZ,CEMPI_CTOTNX_TT,R_FW_IX,M,2022-M06,123.111152648926,0,0,10,,,,SC,OL,,
dataflow,IMF.RES:CTOT(5.0.1),R,KAZ,CEMPI_CTOTNX_TT,R_FW_IX,M,2022-M07,112.210784912109,0,0,10,,,,SC,OL,,
dataflow,IMF.RES:CTOT(5.0.1),R,KAZ,CEMPI_CTOTNX_TT,R_FW_IX,M,2022-M08,109.550498962402,0,0,10,,,,SC,OL,,
dataflow,IMF.RES:CTOT(5.0.1),R,KAZ,CEMPI_CTOTNX_TT,R_FW_IX,M,2022-M09,103.965400695801,0,0,10,,,,SC,OL,,
dataflow,IMF.RES:CTOT(5.0.1),R,KAZ,CEMPI_CTOTNX_TT,R_FW_IX,M,2022-M10,103.72029876709,0,0,10,,,,SC,OL,,
dataflow,IMF.RES:CTOT(5.0.1),R,KAZ,CEMPI_CTOTNX_TT,R_FW_IX,M,2022-M11,101.431030273438,0,0,10,,,,SC,OL,,
dataflow,IMF.RES:CTOT(5.0.1),R,KAZ,CEMPI_CTOTNX_TT,R_FW_IX,M,2022-M12,97.7566223144531,0,0,10,,,,SC,OL,,
dataflow,IMF.RES:CTOT(5.0.1),R,KAZ,CEMPI_CTOTNX_TT,R_FW_IX,M,2023-M01,100.139236450195,0,0,10,,,,SC,OL,,
dataflow,IMF.RES:CTOT(5.0.1),R,KAZ,CEMPI_CTOTNX_TT,R_FW_IX,M,2023-M02,98.5156936645508,0,0,10,,,,SC,OL,,
dataflow,IMF.RES:CTOT(5.0.1),R,KAZ,CEMPI_CTOTNX_TT,R_FW_IX,M,2023-M03,95.2591094970703,0,0,10,,,,SC,OL,,
dataflow,IMF.RES:CTOT(5.0.1),R,KAZ,CEMPI_CTOTNX_TT,R_FW_IX,M,2023-M04,98.1277770996094,0,0,10,,,,SC,OL,,
dataflow,IMF.RES:CTOT(5.0.1),R,KAZ,CEMPI_CTOTNX_TT,R_FW_IX,M,2023-M05,91.3427352905273,0,0,10,,,,SC,OL,,
dataflow,IMF.RES:CTOT(5.0.1),R,KAZ,CEMPI_CTOTNX_TT,R_FW_IX,M,2023-M06,90.4658966064453,0,0,10,,,,SC,OL,,
dataflow,IMF.RES:CTOT(5.0.1),R,KAZ,CEMPI_CTOTNX_TT,R_FW_IX,M,2023-M07,94.0994033813477,0,0,10,,,,SC,OL,,
dataflow,IMF.RES:CTOT(5.0.1),R,KAZ,CEMPI_CTOTNX_TT,R_FW_IX,M,2023-M08,96.7738952636719,0,0,10,,,,SC,OL,,
dataflow,IMF.RES:CTOT(5.0.1),R,KAZ,CEMPI_CTOTNX_TT,R_FW_IX,M,2023-M09,101.446281433106,0,0,10,,,,SC,OL,,
dataflow,IMF.RES:CTOT(5.0.1),R,KAZ,CEMPI_CTOTNX_TT,R_FW_IX,M,2023-M10,98.2944641113281,0,0,10,,,,SC,OL,,
dataflow,IMF.RES:CTOT(5.0.1),R,KAZ,CEMPI_CTOTNX_TT,R_FW_IX,M,2023-M11,94.4935607910156,0,0,10,,,,SC,OL,,
dataflow,IMF.RES:CTOT(5.0.1),R,KAZ,CEMPI_CTOTNX_TT,R_FW_IX,M,2023-M12,92.292839050293,0,0,10,,,,SC,OL,,
dataflow,IMF.RES:CTOT(5.0.1),R,KAZ,CEMPI_CTOTNX_TT,R_FW_IX,M,2024-M01,92.8195953369141,0,0,10,,,,SC,OL,,
dataflow,IMF.RES:CTOT(5.0.1),R,KAZ,CEMPI_CTOTNX_TT,R_FW_IX,M,2024-M02,93.4105606079102,0,0,10,,,,SC,OL,,
dataflow,IMF.RES:CTOT(5.0.1),R,KAZ,CEMPI_CTOTNX_TT,R_FW_IX,M,2024-M03,95.6459045410156,0,0,10,,,,SC,OL,,
dataflow,IMF.RES:CTOT(5.0.1),R,KAZ,CEMPI_CTOTNX_TT,R_FW_IX,M,2024-M04,98.9617614746094,0,0,10,,,,SC,OL,,
dataflow,IMF.RES:CTOT(5.0.1),R,KAZ,CEMPI_CTOTNX_TT,R_FW_IX,M,2024-M05,97.3290023803711,0,0,10,,,,SC,OL,,
dataflow,IMF.RES:CTOT(5.0.1),R,KAZ,CEMPI_CTOTNX_TT,R_FW_IX,M,2024-M06,95.6867828369141,0,0,10,,,,SC,OL,,
dataflow,IMF.RES:CTOT(5.0.1),R,KAZ,CEMPI_CTOTNX_TT,R_FW_IX,M,2024-M07,95.357292175293,0,0,10,,,,SC,OL,,
dataflow,IMF.RES:CTOT(5.0.1),R,KAZ,CEMPI_CTOTNX_TT,R_FW_IX,M,2024-M08,91.7346115112305,0,0,10,,,,SC,OL,,
dataflow,IMF.RES:CTOT(5.0.1),R,KAZ,CEMPI_CTOTNX_TT,R_FW_IX,M,2024-M09,88.1596984863281,0,0,10,,,,SC,OL,,
dataflow,IMF.RES:CTOT(5.0.1),R,KAZ,CEMPI_CTOTNX_TT,R_FW_IX,M,2024-M10,90.3064727783203,0,0,10,,,,SC,OL,,
dataflow,IMF.RES:CTOT(5.0.1),R,KAZ,CEMPI_CTOTNX_TT,R_FW_IX,M,2024-M11,88.1770324707031,0,0,10,,,,SC,OL,,
dataflow,IMF.RES:CTOT(5.0.1),R,KAZ,CEMPI_CTOTNX_TT,R_FW_IX,M,2024-M12,87.8496627807617,0,0,10,,,,SC,OL,,
dataflow,IMF.RES:CTOT(5.0.1),R,KAZ,CEMPI_CTOTNX_TT,R_FW_IX,M,2025-M01,91.1355056762695,0,0,10,,,,SC,OL,,
dataflow,IMF.RES:CTOT(5.0.1),R,KAZ,CEMPI_CTOTNX_TT,R_FW_IX,M,2025-M02,88.9716567993164,0,0,10,,,,SC,OL,,
dataflow,IMF.RES:CTOT(5.0.1),R,KAZ,CEMPI_CTOTNX_TT,R_FW_IX,M,2025-M03,86.8048400878906,0,0,10,,,,SC,OL,,
dataflow,IMF.RES:CTOT(5.0.1),R,KAZ,CEMPI_CTOTNX_TT,R_FW_IX,M,2025-M04,82.834602355957,0,0,10,,,,SC,OL,,
dataflow,IMF.RES:CTOT(5.0.1),R,KAZ,CEMPI_CTOTNX_TT,R_FW_IX,M,2025-M05,81.7506637573242,0,0,10,,,,SC,OL,,
dataflow,IMF.RES:CTOT(5.0.1),R,KAZ,CEMPI_CTOTNX_TT,R_FW_IX,M,2025-M06,85.5578002929688,0,0,10,,,,SC,OL,,
dataflow,IMF.RES:CTOT(5.0.1),R,KAZ,CEMPI_CTOTNX_TT,R_FW_IX,M,2025-M07,85.7966995239258,0,0,10,,,,SC,OL,,
dataflow,IMF.RES:CTOT(5.0.1),R,KAZ,CEMPI_CTOTNX_TT,R_FW_IX,M,2025-M08,83.9997482299805,0,0,10,,,,SC,OL,,
dataflow,IMF.RES:CTOT(5.0.1),R,KAZ,CEMPI_CTOTNX_TT,R_FW_IX,M,2025-M09,84.326789855957,0,0,10,,,,SC,OL,,
dataflow,IMF.RES:CTOT(5.0.1),R,KAZ,CEMPI_CTOTNX_TT,R_FW_IX,M,2025-M10,82.5012588500977,0,0,10,,,,SC,OL,,
dataflow,IMF.RES:CTOT(5.0.1),R,KAZ,CEMPI_CTOTNX_TT,R_FW_IX,M,2025-M11,82.7179260253906,0,0,10,,,,SC,OL,,
dataflow,IMF.RES:CTOT(5.0.1),R,KAZ,CEMPI_CTOTNX_TT,R_FW_IX,M,2025-M12,81.7441864013672,0,0,10,,,,SC,OL,,
dataflow,IMF.RES:CTOT(5.0.1),R,KAZ,CEMPI_CTOTNX_TT,R_FW_IX,M,2026-M01,84.026123046875,0,0,10,,,,SC,OL,,
dataflow,IMF.RES:CTOT(5.0.1),R,KAZ,CEMPI_CTOTNX_TT,R_FW_IX,M,2026-M02,87.4728469848633,0,0,10,,,,SC,OL,,
dataflow,IMF.RES:CTOT(5.0.1),R,KAZ,CEMPI_CTOTNX_TT,R_FW_IX,M,2026-M03,111.345565795898,0,0,10,,,,SC,OL,,
dataflow,IMF.RES:CTOT(5.0.1),R,KAZ,CEMPI_CTOTNX_TT,R_FW_IX,M,2026-M04,110.476501464844,0,0,10,,,,SC,OL,,
dataflow,IMF.RES:CTOT(5.0.1),R,KAZ,CEMPI_CTOTNX_TT,R_FW_IX,M,2026-M05,109.988815307617,0,0,10,,,,SC,OL,,
