quarter,ystar_filtered,gap_filtered,gap_sd_filtered,g_filtered,z_filtered,rstar_filtered,rstar_sd_filtered,ystar_smoothed,gap_smoothed,gap_sd_smoothed,g_smoothed,z_smoothed,rstar_smoothed,rstar_sd_smoothed,r,tonia,pi_e,us_real_trend,eurobond_spread_pp,parity_floor
2012Q3,1570.3155,0.1003,1.0315,4.6304,-2.4716,2.1589,4.3957,1570.6023,-0.1865,0.9171,3.5925,-2.5556,1.0369,3.7537,-3.8478,1.0845,4.9322,0.7424,,
2012Q4,1571.1833,0.2698,1.0918,4.3976,-2.6017,1.7959,4.2435,1571.6856,-0.2325,0.9494,3.5784,-2.5692,1.0092,3.7973,-4.1948,1.6637,5.8585,0.7482,,
2013Q1,1573.7774,1.5730,1.1443,5.5524,-2.0533,3.4990,4.1799,1573.4313,1.9191,0.9794,3.5500,-2.6122,0.9378,3.8425,-6.0330,0.4938,6.5268,0.7632,,
2013Q2,1575.2403,1.1228,1.1870,5.5431,-2.2668,3.2763,4.1644,1574.3991,1.9641,1.0071,3.5206,-2.6538,0.8668,3.8889,-4.9330,0.9612,5.8942,0.7850,,
2013Q3,1575.2764,0.4832,1.2207,4.7682,-2.3030,2.4652,4.1767,1574.9077,0.8519,1.0329,3.4973,-2.6837,0.8137,3.9361,-2.9008,2.8212,5.7220,0.8112,,
2013Q4,1575.9302,0.4349,1.2467,4.4801,-2.3514,2.1287,4.2048,1575.6820,0.6832,1.0620,3.4756,-2.7131,0.7624,3.9834,-2.3613,2.6255,4.9868,0.8390,,
2014Q1,1577.2040,2.1765,1.5314,4.5553,-2.3396,2.2156,4.2600,1576.5717,2.8087,1.1715,3.4542,-2.7315,0.7228,4.0304,3.2196,8.3875,5.1678,0.8661,,
2014Q2,1576.8613,0.7058,1.4219,3.9039,-2.3415,1.5624,4.2939,1577.0928,0.4743,1.1487,3.4382,-2.7442,0.6940,4.0776,-5.8646,0.6980,6.5627,0.8902,,
2014Q3,1578.4453,1.0882,1.3762,4.1457,-2.4125,1.7332,4.3360,1578.2692,1.2643,1.1493,3.4171,-2.7652,0.6519,4.1247,-5.6456,1.4442,7.0898,0.9099,,
2014Q4,1579.4967,1.1214,1.6280,4.1509,-2.4194,1.7314,4.3909,1579.1186,1.4996,1.2408,3.3969,-2.7736,0.6233,4.1713,10.3547,17.8979,7.5433,0.9230,,
2015Q1,1579.3530,-0.1931,1.4849,3.7211,-2.5312,1.1898,4.4339,1579.6905,-0.5306,1.2063,3.3801,-2.7898,0.5903,4.2179,8.6945,14.7092,6.0147,0.9275,3.1343,4.0618
2015Q2,1582.0117,-0.4974,1.4196,4.2767,-2.9482,1.3285,4.4794,1581.1199,0.3944,1.2002,3.3536,-2.8255,0.5281,4.2641,3.5772,7.8409,4.2637,0.9215,2.6980,3.6195
2015Q3,1582.8466,-3.0174,1.6514,4.2046,-2.8954,1.3093,4.5331,1581.7331,-1.9039,1.2977,3.3305,-2.8594,0.4711,4.3094,4.1875,8.2243,4.0368,0.9038,3.4987,4.4025
2015Q4,1583.5844,-3.2799,1.8585,4.1211,-2.6914,1.4297,4.5859,1582.4160,-2.1115,1.3584,3.3095,-2.8925,0.4170,4.3539,26.2231,37.4598,11.2368,0.8739,3.1153,3.9892
2016Q1,1584.5328,-4.4448,2.0438,4.0925,-2.7722,1.3203,4.6379,1583.0831,-2.9951,1.3822,3.2909,-2.9249,0.3660,4.3980,11.6884,25.5524,13.8640,0.8320,3.3323,4.1643
2016Q2,1584.9652,-4.6371,1.7035,3.9003,-3.2546,0.6458,4.6794,1583.6445,-3.3164,1.2965,3.2764,-2.9537,0.3227,4.4420,-0.9519,14.3816,15.3336,0.7789,2.9660,3.7449
2016Q3,1584.9273,-3.5900,1.5509,3.6357,-3.1177,0.5180,4.7227,1584.1507,-2.8134,1.2446,3.2666,-2.9784,0.2882,4.4859,-3.5167,12.3205,15.8373,0.7156,2.4450,3.1606
2016Q4,1585.4280,-2.4764,1.4669,3.5188,-3.2996,0.2191,4.7661,1584.6864,-1.7348,1.2124,3.2618,-2.9900,0.2718,4.5294,2.6703,11.5174,8.8471,0.6428,2.3127,2.9555
2017Q1,1585.1224,-2.0470,1.4192,3.2203,-3.1867,0.0336,4.8092,1585.0294,-1.9540,1.1933,3.2641,-2.9961,0.2680,4.5727,3.6309,10.9087,7.2779,0.5612,2.1127,2.6738
2017Q2,1586.3200,-0.8568,1.3920,3.3178,-3.2188,0.0990,4.8518,1585.9502,-0.4869,1.1829,3.2648,-3.0047,0.2601,4.6157,2.6651,10.0424,7.3773,0.4711,2.1517,2.6227
2017Q3,1586.7047,-1.0318,1.3769,3.2088,-3.1839,0.0249,4.8938,1586.5231,-0.8502,1.1781,3.2696,-3.0035,0.2661,4.6585,2.5179,9.4239,6.9060,0.3724,1.9927,2.3651
2017Q4,1587.0743,-0.8870,1.3689,3.1084,-3.0634,0.0450,4.9353,1587.1821,-0.9948,1.1767,3.2764,-3.0074,0.2690,4.7009,2.2507,9.3368,7.0860,0.2652,1.7563,2.0216
2018Q1,1588.6371,-0.1149,1.3653,3.2891,-3.2730,0.0161,4.9762,1588.2540,0.2682,1.1776,3.2786,-3.0257,0.2529,4.7431,2.1541,8.7701,6.6159,0.1493,1.6783,1.8276
2018Q2,1589.5287,-0.1362,1.3643,3.3024,-3.3430,-0.0406,5.0164,1588.9752,0.4174,1.1800,3.2824,-3.0407,0.2417,4.7850,2.1204,8.3039,6.1835,0.0244,1.9593,1.9838
2018Q3,1589.6264,-0.4233,1.3649,3.1313,-3.2970,-0.1657,5.0561,1589.3562,-0.1532,1.1834,3.2942,-3.0308,0.2634,4.8267,2.4472,8.3766,5.9294,-0.1092,1.6700,1.5608
2018Q4,1589.3428,-0.8796,1.3664,2.8786,-3.3225,-0.4439,5.0951,1589.7455,-1.2824,1.1875,3.3111,-3.0379,0.2732,4.8681,3.0173,8.2678,5.2504,-0.2515,1.8283,1.5769
2019Q1,1592.4193,1.0270,1.3685,3.4225,-3.4770,-0.0546,5.1336,1591.5022,1.9441,1.1925,3.3117,-3.0874,0.2243,4.9093,3.2194,8.2533,5.0339,-0.4018,1.6507,1.2488
2019Q2,1593.3310,0.1943,1.3710,3.4353,-3.4799,-0.0445,5.1715,1592.1578,1.3675,1.1983,3.3137,-3.1544,0.1593,4.9503,3.0434,8.1629,5.1196,-0.5592,1.7033,1.1442
2019Q3,1594.1256,-0.0889,1.3737,3.4237,-3.4106,0.0131,5.2088,1592.6671,1.3696,1.2054,3.3204,-3.2178,0.1026,4.9911,3.2864,8.5260,5.2396,-0.7215,1.5783,0.8569
2019Q4,1593.4690,-1.4654,1.3765,3.0796,-3.3697,-0.2901,5.2456,1592.5368,-0.5332,1.2141,3.3425,-3.2589,0.0836,5.0318,3.3980,8.7779,5.3798,-0.8860,1.3460,0.4600
2020Q1,1593.1926,-1.6804,1.3793,2.8495,-3.2001,-0.3506,5.2818,1592.7074,-1.1952,1.2291,3.3752,-3.2850,0.0902,5.0721,4.1053,10.0526,5.9472,-1.0496,1.9207,0.8711
2020Q2,1593.4400,-6.4493,1.5856,2.7455,-3.1754,-0.4300,5.3271,1593.1458,-6.1551,1.3255,3.4138,-3.3117,0.1021,5.1117,2.1854,8.7361,6.5507,-1.2086,2.2980,1.0894
2020Q3,1594.7115,0.6253,1.7706,2.8749,-3.1944,-0.3195,5.3719,1593.8872,1.4496,1.3765,3.4545,-3.3300,0.1244,5.1510,2.0230,8.6082,6.5853,-1.3594,1.6407,0.2813
2020Q4,1593.8667,-1.0218,1.6014,2.5378,-3.0912,-0.5535,5.4049,1594.0928,-1.2478,1.3192,3.5063,-3.3241,0.1822,5.1903,1.8095,8.7378,6.9283,-1.4971,,
2021Q1,1594.0167,-1.0367,1.5190,2.4352,-3.0351,-0.5999,5.4381,1594.6877,-1.7076,1.2863,3.5624,-3.3153,0.2471,5.2296,1.6202,8.7017,7.0816,-1.6168,,
2021Q2,1595.5054,-0.0545,1.4716,2.6301,-2.9367,-0.3066,5.4711,1595.8702,-0.4193,1.2665,3.6125,-3.3334,0.2791,5.2688,1.1886,8.3851,7.1966,-1.7124,,
2021Q3,1597.5648,1.4017,1.4443,2.9454,-2.6724,0.2730,5.5038,1597.2104,1.7561,1.2555,3.6556,-3.3603,0.2953,5.3080,0.5086,8.7903,8.2817,-1.7775,,
2021Q4,1597.5311,0.3881,1.4289,2.7665,-2.9388,-0.1723,5.5360,1597.5126,0.4066,1.2500,3.7095,-3.3596,0.3498,5.3472,1.2738,9.6303,8.3565,-1.8064,,
2022Q1,1597.1760,0.1910,1.4206,2.5539,-2.6227,-0.0688,5.5678,1597.9208,-0.5538,1.2481,3.7726,-3.3325,0.4401,5.3863,2.5614,11.7940,9.2326,-1.7949,,
2022Q2,1597.2455,0.8964,1.4167,2.4936,-1.2255,1.2682,5.5992,1598.9268,-0.7848,1.2485,3.8356,-3.2950,0.5405,5.4254,0.6527,13.8962,13.2435,-1.7410,,
2022Q3,1598.7575,1.3816,1.4155,2.6759,-1.4657,1.2102,5.6301,1600.3142,-0.1751,1.2503,3.8919,-3.2642,0.6277,5.4645,-1.3788,13.7797,15.1585,-1.6451,,
2022Q4,1600.5983,1.9813,1.4158,2.9330,-1.4147,1.5183,5.6606,1601.8891,0.6905,1.2531,3.9387,-3.2460,0.6927,5.5036,-2.4159,15.4462,17.8621,-1.5103,2.4253,0.9150
2023Q1,1602.4449,1.8490,1.4172,3.1475,-2.0330,1.1145,5.6906,1603.2411,1.0528,1.2565,3.9803,-3.2253,0.7550,5.5427,-2.1218,16.1742,18.2960,-1.3418,2.1417,0.7998
2023Q2,1603.2901,0.8704,1.4192,3.1359,-2.5762,0.5597,5.7202,1604.1513,0.0092,1.2603,4.0242,-3.1908,0.8334,5.5818,1.7937,16.5644,14.7707,-1.1460,2.1120,0.9660
2023Q3,1604.3199,0.3202,1.4214,3.1732,-2.9405,0.2327,5.7494,1605.2290,-0.5889,1.2645,4.0673,-3.1517,0.9156,5.6209,4.6326,16.9776,12.3449,-0.9296,1.6297,0.7001
2023Q4,1605.7517,0.3351,1.4239,3.3077,-3.0373,0.2704,5.7782,1606.5560,-0.4692,1.2690,4.1057,-3.1171,0.9885,5.6601,5.6951,15.7144,10.0193,-0.6989,1.2820,0.5831
2024Q1,1607.2111,0.2782,1.4266,3.4444,-3.0546,0.3899,5.8065,1607.8379,-0.3485,1.2740,4.1419,-3.0600,1.0819,5.6993,5.2014,14.3537,9.1523,-0.4595,1.1533,0.6938
2024Q2,1607.0239,-1.0340,1.4292,3.2076,-3.2588,-0.0512,5.8345,1608.5164,-2.5264,1.2798,4.1840,-2.9919,1.1921,5.7386,5.0819,13.6215,8.5397,-0.2155,0.7310,0.5155
2024Q3,1609.5606,0.5130,1.4319,3.5862,-3.2164,0.3698,5.8621,1610.4812,-0.4077,1.2867,4.2115,-2.9433,1.2682,5.7780,4.9410,13.2700,8.3291,0.0297,0.8237,0.8534
2024Q4,1611.2861,0.4266,1.4346,3.7695,-3.1391,0.6304,5.8892,1612.0380,-0.3253,1.2954,4.2307,-2.9103,1.3204,5.8176,5.8116,14.1146,8.3030,0.2737,0.8593,1.1330
2025Q1,1613.1962,0.8021,1.4372,3.9988,-2.6996,1.2992,5.9160,1613.7030,0.2953,1.3072,4.2399,-2.8965,1.3434,5.8573,5.9228,15.0463,9.1235,0.5148,1.0317,1.5464
2025Q2,1614.8729,0.7362,1.4399,4.1588,-2.3982,1.7606,5.9424,1615.1593,0.4498,1.3238,4.2430,-2.8871,1.3559,5.8972,4.9396,15.6996,10.7600,0.7521,1.2300,1.9821
2025Q3,1615.8797,-0.1430,1.4425,4.1403,-2.6579,1.4824,5.9684,1616.2225,-0.4858,1.3482,4.2456,-2.8849,1.3607,5.9375,4.0249,15.6584,11.6335,0.9856,0.8097,1.7952
2025Q4,1617.7965,0.1659,1.4451,4.3204,-2.9059,1.4145,5.9941,1617.6207,0.3417,1.3847,4.2429,-2.8893,1.3536,5.9783,5.1838,16.9193,11.7355,1.2158,0.7543,1.9701
2026Q1,1618.5155,-0.5323,1.4477,4.2429,-2.8893,1.3536,6.0194,1618.5155,-0.5323,1.4477,4.2429,-2.8893,1.3536,6.0194,6.3393,17.4929,11.1536,1.4437,0.9987,2.4424
