date,region,item_code,item_name,value,transformation
2022-12-31,ABY,QUASI_GVA_SHARE,Доля ВДС квазигосударственного сектора в ВВП,0.05409014564213875,level
2023-12-31,ABY,QUASI_GVA_SHARE,Доля ВДС квазигосударственного сектора в ВВП,0.05657261613354688,level
2024-12-31,ABY,QUASI_GVA_SHARE,Доля ВДС квазигосударственного сектора в ВВП,0.05498963692258249,level
2025-12-31,ABY,QUASI_GVA_SHARE,Доля ВДС квазигосударственного сектора в ВВП,0.05733881089156846,level
2018-12-31,AKM,QUASI_GVA_SHARE,Доля ВДС квазигосударственного сектора в ВВП,0.07742941812098583,level
2019-12-31,AKM,QUASI_GVA_SHARE,Доля ВДС квазигосударственного сектора в ВВП,0.0856364492700878,level
2020-12-31,AKM,QUASI_GVA_SHARE,Доля ВДС квазигосударственного сектора в ВВП,0.07431867492978518,level
2021-12-31,AKM,QUASI_GVA_SHARE,Доля ВДС квазигосударственного сектора в ВВП,0.09100563184909775,level
2022-12-31,AKM,QUASI_GVA_SHARE,Доля ВДС квазигосударственного сектора в ВВП,0.21304694040066963,level
2023-12-31,AKM,QUASI_GVA_SHARE,Доля ВДС квазигосударственного сектора в ВВП,0.07408376220897243,level
2024-12-31,AKM,QUASI_GVA_SHARE,Доля ВДС квазигосударственного сектора в ВВП,0.11982143213140509,level
2025-12-31,AKM,QUASI_GVA_SHARE,Доля ВДС квазигосударственного сектора в ВВП,0.07114132277669441,level
2018-12-31,AKT,QUASI_GVA_SHARE,Доля ВДС квазигосударственного сектора в ВВП,0.22481325942182256,level
2019-12-31,AKT,QUASI_GVA_SHARE,Доля ВДС квазигосударственного сектора в ВВП,0.20125684213252032,level
2020-12-31,AKT,QUASI_GVA_SHARE,Доля ВДС квазигосударственного сектора в ВВП,0.1317679420715696,level
2021-12-31,AKT,QUASI_GVA_SHARE,Доля ВДС квазигосударственного сектора в ВВП,0.1448222997979767,level
2022-12-31,AKT,QUASI_GVA_SHARE,Доля ВДС квазигосударственного сектора в ВВП,0.14466083070474176,level
2023-12-31,AKT,QUASI_GVA_SHARE,Доля ВДС квазигосударственного сектора в ВВП,0.14700357127915975,level
2024-12-31,AKT,QUASI_GVA_SHARE,Доля ВДС квазигосударственного сектора в ВВП,0.852679432200747,level
2025-12-31,AKT,QUASI_GVA_SHARE,Доля ВДС квазигосударственного сектора в ВВП,0.11893452718729582,level
2018-12-31,ALA,QUASI_GVA_SHARE,Доля ВДС квазигосударственного сектора в ВВП,2.194982097015464,level
2019-12-31,ALA,QUASI_GVA_SHARE,Доля ВДС квазигосударственного сектора в ВВП,1.9640736743831981,level
2020-12-31,ALA,QUASI_GVA_SHARE,Доля ВДС квазигосударственного сектора в ВВП,2.545899572499871,level
2021-12-31,ALA,QUASI_GVA_SHARE,Доля ВДС квазигосударственного сектора в ВВП,2.0361429375319196,level
2022-12-31,ALA,QUASI_GVA_SHARE,Доля ВДС квазигосударственного сектора в ВВП,1.6211318823139647,level
2023-12-31,ALA,QUASI_GVA_SHARE,Доля ВДС квазигосударственного сектора в ВВП,1.5097967695815193,level
2024-12-31,ALA,QUASI_GVA_SHARE,Доля ВДС квазигосударственного сектора в ВВП,0.6149379884996908,level
2025-12-31,ALA,QUASI_GVA_SHARE,Доля ВДС квазигосударственного сектора в ВВП,1.71084645998197,level
2018-12-31,ALM,QUASI_GVA_SHARE,Доля ВДС квазигосударственного сектора в ВВП,0.1498786789791637,level
2019-12-31,ALM,QUASI_GVA_SHARE,Доля ВДС квазигосударственного сектора в ВВП,0.14887177639889962,level
2020-12-31,ALM,QUASI_GVA_SHARE,Доля ВДС квазигосударственного сектора в ВВП,0.13990611850238308,level
2021-12-31,ALM,QUASI_GVA_SHARE,Доля ВДС квазигосударственного сектора в ВВП,0.1469370583884097,level
2022-12-31,ALM,QUASI_GVA_SHARE,Доля ВДС квазигосударственного сектора в ВВП,0.060739711445685234,level
2023-12-31,ALM,QUASI_GVA_SHARE,Доля ВДС квазигосударственного сектора в ВВП,0.08590039167534484,level
2024-12-31,ALM,QUASI_GVA_SHARE,Доля ВДС квазигосударственного сектора в ВВП,0.11433811482993314,level
2025-12-31,ALM,QUASI_GVA_SHARE,Доля ВДС квазигосударственного сектора в ВВП,0.07312421400206806,level
2018-12-31,AST,QUASI_GVA_SHARE,Доля ВДС квазигосударственного сектора в ВВП,4.799538423741288,level
2019-12-31,AST,QUASI_GVA_SHARE,Доля ВДС квазигосударственного сектора в ВВП,3.990223558999138,level
2020-12-31,AST,QUASI_GVA_SHARE,Доля ВДС квазигосударственного сектора в ВВП,4.953049201848619,level
2021-12-31,AST,QUASI_GVA_SHARE,Доля ВДС квазигосударственного сектора в ВВП,3.8631188449000367,level
2022-12-31,AST,QUASI_GVA_SHARE,Доля ВДС квазигосударственного сектора в ВВП,3.42654883099355,level
2023-12-31,AST,QUASI_GVA_SHARE,Доля ВДС квазигосударственного сектора в ВВП,3.9570638323924388,level
2024-12-31,AST,QUASI_GVA_SHARE,Доля ВДС квазигосударственного сектора в ВВП,3.03016411543511,level
2025-12-31,AST,QUASI_GVA_SHARE,Доля ВДС квазигосударственного сектора в ВВП,4.257471711381451,level
2018-12-31,ATY,QUASI_GVA_SHARE,Доля ВДС квазигосударственного сектора в ВВП,5.729260947377459,level
2019-12-31,ATY,QUASI_GVA_SHARE,Доля ВДС квазигосударственного сектора в ВВП,5.900165356760091,level
2020-12-31,ATY,QUASI_GVA_SHARE,Доля ВДС квазигосударственного сектора в ВВП,4.002187414132975,level
2021-12-31,ATY,QUASI_GVA_SHARE,Доля ВДС квазигосударственного сектора в ВВП,5.283475741416483,level
2022-12-31,ATY,QUASI_GVA_SHARE,Доля ВДС квазигосударственного сектора в ВВП,6.256919905735409,level
2023-12-31,ATY,QUASI_GVA_SHARE,Доля ВДС квазигосударственного сектора в ВВП,5.342057155024548,level
2024-12-31,ATY,QUASI_GVA_SHARE,Доля ВДС квазигосударственного сектора в ВВП,4.616765432289896,level
2025-12-31,ATY,QUASI_GVA_SHARE,Доля ВДС квазигосударственного сектора в ВВП,4.744335848468306,level
2018-12-31,KRG,QUASI_GVA_SHARE,Доля ВДС квазигосударственного сектора в ВВП,0.16490286190878437,level
2019-12-31,KRG,QUASI_GVA_SHARE,Доля ВДС квазигосударственного сектора в ВВП,0.16091130240299584,level
2020-12-31,KRG,QUASI_GVA_SHARE,Доля ВДС квазигосударственного сектора в ВВП,0.12643119734544095,level
2021-12-31,KRG,QUASI_GVA_SHARE,Доля ВДС квазигосударственного сектора в ВВП,0.13165167021863566,level
2022-12-31,KRG,QUASI_GVA_SHARE,Доля ВДС квазигосударственного сектора в ВВП,0.09541229160266458,level
2023-12-31,KRG,QUASI_GVA_SHARE,Доля ВДС квазигосударственного сектора в ВВП,0.10879634531202396,level
2024-12-31,KRG,QUASI_GVA_SHARE,Доля ВДС квазигосударственного сектора в ВВП,0.1157926776052228,level
2025-12-31,KRG,QUASI_GVA_SHARE,Доля ВДС квазигосударственного сектора в ВВП,0.11526351538257686,level
2018-12-31,KST,QUASI_GVA_SHARE,Доля ВДС квазигосударственного сектора в ВВП,0.09026023049383122,level
2019-12-31,KST,QUASI_GVA_SHARE,Доля ВДС квазигосударственного сектора в ВВП,0.0895046618800271,level
2020-12-31,KST,QUASI_GVA_SHARE,Доля ВДС квазигосударственного сектора в ВВП,0.07278390290551687,level
2021-12-31,KST,QUASI_GVA_SHARE,Доля ВДС квазигосударственного сектора в ВВП,0.07305954829383755,level
2022-12-31,KST,QUASI_GVA_SHARE,Доля ВДС квазигосударственного сектора в ВВП,0.06636543505846433,level
2023-12-31,KST,QUASI_GVA_SHARE,Доля ВДС квазигосударственного сектора в ВВП,0.07237383292343229,level
2024-12-31,KST,QUASI_GVA_SHARE,Доля ВДС квазигосударственного сектора в ВВП,0.07369780796396105,level
2025-12-31,KST,QUASI_GVA_SHARE,Доля ВДС квазигосударственного сектора в ВВП,0.0635920042962184,level
2018-12-31,KZL,QUASI_GVA_SHARE,Доля ВДС квазигосударственного сектора в ВВП,0.4345726234771309,level
2019-12-31,KZL,QUASI_GVA_SHARE,Доля ВДС квазигосударственного сектора в ВВП,0.36112084268395805,level
2020-12-31,KZL,QUASI_GVA_SHARE,Доля ВДС квазигосударственного сектора в ВВП,0.26255141690779704,level
2021-12-31,KZL,QUASI_GVA_SHARE,Доля ВДС квазигосударственного сектора в ВВП,0.22679169441630048,level
2022-12-31,KZL,QUASI_GVA_SHARE,Доля ВДС квазигосударственного сектора в ВВП,0.17242883109873006,level
2023-12-31,KZL,QUASI_GVA_SHARE,Доля ВДС квазигосударственного сектора в ВВП,0.201352743860452,level
2024-12-31,KZL,QUASI_GVA_SHARE,Доля ВДС квазигосударственного сектора в ВВП,0.2606829365454801,level
2025-12-31,KZL,QUASI_GVA_SHARE,Доля ВДС квазигосударственного сектора в ВВП,0.19424832641026968,level
2018-12-31,MNG,QUASI_GVA_SHARE,Доля ВДС квазигосударственного сектора в ВВП,0.8673064141705534,level
2019-12-31,MNG,QUASI_GVA_SHARE,Доля ВДС квазигосударственного сектора в ВВП,0.8325684373417133,level
2020-12-31,MNG,QUASI_GVA_SHARE,Доля ВДС квазигосударственного сектора в ВВП,0.6569071029044173,level
2021-12-31,MNG,QUASI_GVA_SHARE,Доля ВДС квазигосударственного сектора в ВВП,0.7825904600496542,level
2022-12-31,MNG,QUASI_GVA_SHARE,Доля ВДС квазигосударственного сектора в ВВП,0.6590056794536394,level
2023-12-31,MNG,QUASI_GVA_SHARE,Доля ВДС квазигосударственного сектора в ВВП,0.6749399909157971,level
2024-12-31,MNG,QUASI_GVA_SHARE,Доля ВДС квазигосударственного сектора в ВВП,0.8809979220166461,level
2025-12-31,MNG,QUASI_GVA_SHARE,Доля ВДС квазигосударственного сектора в ВВП,0.4838655752813985,level
2018-12-31,PVL,QUASI_GVA_SHARE,Доля ВДС квазигосударственного сектора в ВВП,0.31374561844742244,level
2019-12-31,PVL,QUASI_GVA_SHARE,Доля ВДС квазигосударственного сектора в ВВП,0.2776134188922988,level
2020-12-31,PVL,QUASI_GVA_SHARE,Доля ВДС квазигосударственного сектора в ВВП,0.24759950244702855,level
2021-12-31,PVL,QUASI_GVA_SHARE,Доля ВДС квазигосударственного сектора в ВВП,0.2872308303662727,level
2022-12-31,PVL,QUASI_GVA_SHARE,Доля ВДС квазигосударственного сектора в ВВП,0.1950175422495023,level
2023-12-31,PVL,QUASI_GVA_SHARE,Доля ВДС квазигосударственного сектора в ВВП,0.21811123656849987,level
2024-12-31,PVL,QUASI_GVA_SHARE,Доля ВДС квазигосударственного сектора в ВВП,0.22661698932163532,level
2025-12-31,PVL,QUASI_GVA_SHARE,Доля ВДС квазигосударственного сектора в ВВП,0.21544083653314045,level
2018-12-31,SHM,QUASI_GVA_SHARE,Доля ВДС квазигосударственного сектора в ВВП,0.41473108185262947,level
2019-12-31,SHM,QUASI_GVA_SHARE,Доля ВДС квазигосударственного сектора в ВВП,0.18157830307402523,level
2020-12-31,SHM,QUASI_GVA_SHARE,Доля ВДС квазигосударственного сектора в ВВП,0.0823163444978324,level
2021-12-31,SHM,QUASI_GVA_SHARE,Доля ВДС квазигосударственного сектора в ВВП,0.0844026128495659,level
2022-12-31,SHM,QUASI_GVA_SHARE,Доля ВДС квазигосударственного сектора в ВВП,0.07205805153006983,level
2023-12-31,SHM,QUASI_GVA_SHARE,Доля ВДС квазигосударственного сектора в ВВП,0.07819378394418035,level
2024-12-31,SHM,QUASI_GVA_SHARE,Доля ВДС квазигосударственного сектора в ВВП,0.06434541632288397,level
2025-12-31,SHM,QUASI_GVA_SHARE,Доля ВДС квазигосударственного сектора в ВВП,0.07761539440622293,level
2018-12-31,SKO,QUASI_GVA_SHARE,Доля ВДС квазигосударственного сектора в ВВП,0.05119091780493341,level
2019-12-31,SKO,QUASI_GVA_SHARE,Доля ВДС квазигосударственного сектора в ВВП,0.048040132476342014,level
2020-12-31,SKO,QUASI_GVA_SHARE,Доля ВДС квазигосударственного сектора в ВВП,0.06769575312965094,level
2021-12-31,SKO,QUASI_GVA_SHARE,Доля ВДС квазигосударственного сектора в ВВП,0.07378475890252989,level
2022-12-31,SKO,QUASI_GVA_SHARE,Доля ВДС квазигосударственного сектора в ВВП,0.047399377008363455,level
2023-12-31,SKO,QUASI_GVA_SHARE,Доля ВДС квазигосударственного сектора в ВВП,0.050676553462454255,level
2024-12-31,SKO,QUASI_GVA_SHARE,Доля ВДС квазигосударственного сектора в ВВП,0.07158484244405093,level
2025-12-31,SKO,QUASI_GVA_SHARE,Доля ВДС квазигосударственного сектора в ВВП,0.042377452965993274,level
2018-12-31,TRK,QUASI_GVA_SHARE,Доля ВДС квазигосударственного сектора в ВВП,0.2736505253187122,level
2019-12-31,TRK,QUASI_GVA_SHARE,Доля ВДС квазигосударственного сектора в ВВП,0.3134264415324791,level
2020-12-31,TRK,QUASI_GVA_SHARE,Доля ВДС квазигосударственного сектора в ВВП,0.3386447521309018,level
2021-12-31,TRK,QUASI_GVA_SHARE,Доля ВДС квазигосударственного сектора в ВВП,0.3079184279651201,level
2022-12-31,TRK,QUASI_GVA_SHARE,Доля ВДС квазигосударственного сектора в ВВП,0.18816208230751164,level
2023-12-31,TRK,QUASI_GVA_SHARE,Доля ВДС квазигосударственного сектора в ВВП,0.23244075056198463,level
2024-12-31,TRK,QUASI_GVA_SHARE,Доля ВДС квазигосударственного сектора в ВВП,1.0291891379098226,level
2025-12-31,TRK,QUASI_GVA_SHARE,Доля ВДС квазигосударственного сектора в ВВП,0.421557297489225,level
2022-12-31,ULT,QUASI_GVA_SHARE,Доля ВДС квазигосударственного сектора в ВВП,0.046679775442975614,level
2023-12-31,ULT,QUASI_GVA_SHARE,Доля ВДС квазигосударственного сектора в ВВП,0.019088260745222466,level
2024-12-31,ULT,QUASI_GVA_SHARE,Доля ВДС квазигосударственного сектора в ВВП,0.09882155889546505,level
2025-12-31,ULT,QUASI_GVA_SHARE,Доля ВДС квазигосударственного сектора в ВВП,0.015260675565588688,level
2018-12-31,VKO,QUASI_GVA_SHARE,Доля ВДС квазигосударственного сектора в ВВП,0.17905864145695422,level
2019-12-31,VKO,QUASI_GVA_SHARE,Доля ВДС квазигосударственного сектора в ВВП,0.17910958671144236,level
2020-12-31,VKO,QUASI_GVA_SHARE,Доля ВДС квазигосударственного сектора в ВВП,0.779208860458168,level
2021-12-31,VKO,QUASI_GVA_SHARE,Доля ВДС квазигосударственного сектора в ВВП,0.8129670793414733,level
2022-12-31,VKO,QUASI_GVA_SHARE,Доля ВДС квазигосударственного сектора в ВВП,0.6899139977036226,level
2023-12-31,VKO,QUASI_GVA_SHARE,Доля ВДС квазигосударственного сектора в ВВП,0.7386169594120733,level
2024-12-31,VKO,QUASI_GVA_SHARE,Доля ВДС квазигосударственного сектора в ВВП,0.6578572971093789,level
2025-12-31,VKO,QUASI_GVA_SHARE,Доля ВДС квазигосударственного сектора в ВВП,0.776454929238319,level
2018-12-31,ZHM,QUASI_GVA_SHARE,Доля ВДС квазигосударственного сектора в ВВП,0.10882975382807814,level
2019-12-31,ZHM,QUASI_GVA_SHARE,Доля ВДС квазигосударственного сектора в ВВП,0.07413422930896708,level
2020-12-31,ZHM,QUASI_GVA_SHARE,Доля ВДС квазигосударственного сектора в ВВП,0.07206765374075916,level
2021-12-31,ZHM,QUASI_GVA_SHARE,Доля ВДС квазигосударственного сектора в ВВП,0.10858118020231042,level
2022-12-31,ZHM,QUASI_GVA_SHARE,Доля ВДС квазигосударственного сектора в ВВП,0.07467023759314682,level
2023-12-31,ZHM,QUASI_GVA_SHARE,Доля ВДС квазигосударственного сектора в ВВП,0.07031930305225884,level
2024-12-31,ZHM,QUASI_GVA_SHARE,Доля ВДС квазигосударственного сектора в ВВП,0.22916931097282464,level
2025-12-31,ZHM,QUASI_GVA_SHARE,Доля ВДС квазигосударственного сектора в ВВП,0.06731289818247574,level
2022-12-31,ZHT,QUASI_GVA_SHARE,Доля ВДС квазигосударственного сектора в ВВП,0.05307781760039434,level
2023-12-31,ZHT,QUASI_GVA_SHARE,Доля ВДС квазигосударственного сектора в ВВП,0.06270873310904054,level
2024-12-31,ZHT,QUASI_GVA_SHARE,Доля ВДС квазигосударственного сектора в ВВП,0.06814595390314698,level
2025-12-31,ZHT,QUASI_GVA_SHARE,Доля ВДС квазигосударственного сектора в ВВП,0.05970387812669654,level
2018-12-31,ZKO,QUASI_GVA_SHARE,Доля ВДС квазигосударственного сектора в ВВП,0.07700366520073094,level
2019-12-31,ZKO,QUASI_GVA_SHARE,Доля ВДС квазигосударственного сектора в ВВП,0.08470388139314715,level
2020-12-31,ZKO,QUASI_GVA_SHARE,Доля ВДС квазигосударственного сектора в ВВП,0.07433855786838424,level
2021-12-31,ZKO,QUASI_GVA_SHARE,Доля ВДС квазигосударственного сектора в ВВП,0.07247314525351577,level
2022-12-31,ZKO,QUASI_GVA_SHARE,Доля ВДС квазигосударственного сектора в ВВП,0.06817724998852268,level
2023-12-31,ZKO,QUASI_GVA_SHARE,Доля ВДС квазигосударственного сектора в ВВП,0.07952887649080287,level
2024-12-31,ZKO,QUASI_GVA_SHARE,Доля ВДС квазигосударственного сектора в ВВП,0.48624510353780775,level
2025-12-31,ZKO,QUASI_GVA_SHARE,Доля ВДС квазигосударственного сектора в ВВП,0.0782644258283354,level
2018-12-31,national,QUASI_GVA_SHARE,Доля ВДС квазигосударственного сектора в ВВП,16.15115515861594,level
2019-12-31,national,QUASI_GVA_SHARE,Доля ВДС квазигосударственного сектора в ВВП,14.892938895641329,level
2020-12-31,national,QUASI_GVA_SHARE,Доля ВДС квазигосударственного сектора в ВВП,14.627673968321103,level
2021-12-31,national,QUASI_GVA_SHARE,Доля ВДС квазигосударственного сектора в ВВП,14.526953921743138,level
2022-12-31,national,QUASI_GVA_SHARE,Доля ВДС квазигосударственного сектора в ВВП,14.205506615873766,level
2023-12-31,national,QUASI_GVA_SHARE,Доля ВДС квазигосударственного сектора в ВВП,13.779625468653752,level
2024-12-31,national,QUASI_GVA_SHARE,Доля ВДС квазигосударственного сектора в ВВП,13.666843106857696,level
2025-12-31,national,QUASI_GVA_SHARE,Доля ВДС квазигосударственного сектора в ВВП,13.644150104395816,level
